ApplicantIncome,CoapplicantIncome,Credit_History,Dependents,Education,Gender,LoanAmount,Loan_Amount_Term,Loan_ID,Loan_Status,Married,Property_Area,Self_Employed
5720,0.0,1.0,0,Graduate,Male,110.0,360.0,LP001015,,Yes,Urban,No
3076,1500.0,1.0,1,Graduate,Male,126.0,360.0,LP001022,,Yes,Urban,No
5000,1800.0,1.0,2,Graduate,Male,208.0,360.0,LP001031,,Yes,Urban,No
2340,2546.0,,2,Graduate,Male,100.0,360.0,LP001035,,Yes,Urban,No
3276,0.0,1.0,0,Not Graduate,Male,78.0,360.0,LP001051,,No,Urban,No
2165,3422.0,1.0,0,Not Graduate,Male,152.0,360.0,LP001054,,Yes,Urban,Yes
2226,0.0,1.0,1,Not Graduate,Female,59.0,360.0,LP001055,,No,Semiurban,No
3881,0.0,0.0,2,Not Graduate,Male,147.0,360.0,LP001056,,Yes,Rural,No
13633,0.0,1.0,2,Graduate,Male,280.0,240.0,LP001059,,Yes,Urban,
2400,2400.0,1.0,0,Not Graduate,Male,123.0,360.0,LP001067,,No,Semiurban,No
3091,0.0,1.0,0,Not Graduate,Male,90.0,360.0,LP001078,,No,Urban,No
2185,1516.0,1.0,1,Graduate,Male,162.0,360.0,LP001082,,Yes,Semiurban,
4166,0.0,,3+,Graduate,Male,40.0,180.0,LP001083,,No,Urban,No
12173,0.0,0.0,2,Graduate,Male,166.0,360.0,LP001094,,Yes,Semiurban,
4666,0.0,1.0,0,Graduate,Female,124.0,360.0,LP001096,,No,Semiurban,No
5667,0.0,1.0,1,Graduate,Male,131.0,360.0,LP001099,,No,Urban,No
4583,2916.0,1.0,2,Graduate,Male,200.0,360.0,LP001105,,Yes,Urban,No
3786,333.0,1.0,3+,Graduate,Male,126.0,360.0,LP001107,,Yes,Semiurban,No
9226,7916.0,1.0,0,Graduate,Male,300.0,360.0,LP001108,,Yes,Urban,No
1300,3470.0,1.0,0,Graduate,Male,100.0,180.0,LP001115,,No,Semiurban,No
1888,1620.0,1.0,1,Not Graduate,Male,48.0,360.0,LP001121,,Yes,Urban,No
2083,0.0,1.0,3+,Not Graduate,Female,28.0,180.0,LP001124,,No,Urban,No
3909,0.0,1.0,0,Graduate,,101.0,360.0,LP001128,,No,Urban,No
3765,0.0,1.0,0,Not Graduate,Female,125.0,360.0,LP001135,,No,Urban,No
5400,4380.0,1.0,0,Graduate,Male,290.0,360.0,LP001149,,Yes,Urban,No
0,24000.0,0.0,0,Graduate,Male,148.0,360.0,LP001153,,No,Rural,No
4363,1250.0,,2,Graduate,Male,140.0,360.0,LP001163,,Yes,Urban,No
7500,3750.0,1.0,0,Graduate,Male,275.0,360.0,LP001169,,Yes,Urban,No
3772,833.0,,0,Graduate,Male,57.0,360.0,LP001174,,Yes,Semiurban,No
2942,2382.0,1.0,0,Graduate,Male,125.0,180.0,LP001176,,No,Urban,No
2478,0.0,1.0,0,Not Graduate,Female,75.0,360.0,LP001177,,No,Semiurban,No
6250,820.0,1.0,2,Graduate,Male,192.0,360.0,LP001183,,Yes,Urban,No
3268,1683.0,1.0,0,Graduate,Male,152.0,360.0,LP001185,,No,Semiurban,No
2783,2708.0,1.0,0,Graduate,Male,158.0,360.0,LP001187,,Yes,Urban,No
2740,1541.0,1.0,0,Graduate,Male,101.0,360.0,LP001190,,Yes,Urban,No
3150,0.0,0.0,0,Graduate,Male,176.0,360.0,LP001203,,No,Semiurban,No
7350,4029.0,1.0,2,Graduate,Male,185.0,180.0,LP001208,,Yes,Urban,
2267,2792.0,1.0,0,Graduate,Male,90.0,360.0,LP001210,,Yes,Urban,Yes
5833,0.0,1.0,0,Graduate,Male,116.0,360.0,LP001211,,No,Urban,Yes
3643,1963.0,1.0,0,Graduate,Male,138.0,360.0,LP001219,,No,Urban,No
5629,818.0,1.0,0,Graduate,Male,100.0,360.0,LP001220,,Yes,Urban,No
3644,0.0,1.0,0,Graduate,Female,110.0,360.0,LP001221,,No,Urban,No
1750,2024.0,1.0,0,Not Graduate,Male,90.0,360.0,LP001226,,Yes,Semiurban,No
6500,2600.0,1.0,0,Graduate,Male,200.0,360.0,LP001230,,No,Semiurban,No
3666,0.0,1.0,0,Graduate,Female,84.0,360.0,LP001231,,No,Urban,No
4260,3900.0,,0,Graduate,Male,185.0,,LP001232,,Yes,Urban,No
4163,1475.0,1.0,,Not Graduate,Male,162.0,360.0,LP001237,,Yes,Urban,No
2356,1902.0,1.0,0,Not Graduate,Male,108.0,360.0,LP001242,,No,Semiurban,No
6792,3338.0,1.0,0,Graduate,Male,187.0,,LP001268,,No,Urban,No
8000,250.0,1.0,3+,Not Graduate,Male,187.0,360.0,LP001270,,Yes,Semiurban,Yes
2419,1707.0,1.0,1,Graduate,Male,124.0,360.0,LP001284,,Yes,Urban,No
3500,833.0,1.0,3+,Not Graduate,,120.0,360.0,LP001287,,Yes,Semiurban,No
3500,3077.0,1.0,1,Graduate,Male,160.0,360.0,LP001291,,Yes,Semiurban,No
4116,1000.0,1.0,2,Graduate,Male,30.0,180.0,LP001298,,Yes,Urban,No
5293,0.0,1.0,0,Not Graduate,Male,92.0,360.0,LP001312,,Yes,Urban,Yes
2750,0.0,0.0,0,Graduate,Male,130.0,360.0,LP001313,,No,Urban,No
4402,0.0,1.0,0,Not Graduate,Female,130.0,360.0,LP001317,,No,Rural,No
3613,3539.0,1.0,2,Graduate,Male,134.0,180.0,LP001321,,Yes,Semiurban,No
2779,3664.0,0.0,2,Graduate,Female,176.0,360.0,LP001323,,Yes,Semiurban,No
4720,0.0,1.0,3+,Graduate,Male,90.0,180.0,LP001324,,Yes,Semiurban,No
2415,1721.0,1.0,0,Not Graduate,Male,110.0,360.0,LP001332,,Yes,Semiurban,No
7016,292.0,1.0,0,Graduate,Male,125.0,360.0,LP001335,,Yes,Urban,Yes
4968,0.0,1.0,2,Graduate,Female,189.0,360.0,LP001338,,No,Semiurban,No
2101,1500.0,0.0,0,Graduate,Female,108.0,360.0,LP001347,,No,Rural,No
4490,0.0,1.0,3+,Not Graduate,Male,125.0,360.0,LP001348,,Yes,Urban,No
2917,3583.0,1.0,0,Graduate,Male,138.0,360.0,LP001351,,Yes,Semiurban,No
4700,0.0,0.0,0,Not Graduate,Male,135.0,360.0,LP001352,,Yes,Semiurban,No
3445,0.0,0.0,0,Graduate,Male,130.0,360.0,LP001358,,Yes,Semiurban,No
7666,0.0,1.0,0,Graduate,Male,187.0,360.0,LP001359,,Yes,Semiurban,No
2458,5105.0,0.0,0,Graduate,Male,188.0,360.0,LP001361,,Yes,Rural,No
3250,0.0,1.0,,Graduate,Female,95.0,360.0,LP001366,,No,Semiurban,No
4463,0.0,1.0,0,Graduate,Male,65.0,360.0,LP001368,,No,Semiurban,No
4083,1775.0,1.0,1,Graduate,Male,139.0,60.0,LP001375,,Yes,Urban,
3900,2094.0,1.0,0,Graduate,Male,232.0,360.0,LP001380,,Yes,Rural,Yes
4750,3583.0,1.0,0,Not Graduate,Male,144.0,360.0,LP001386,,Yes,Semiurban,No
3583,3435.0,1.0,0,Graduate,Male,155.0,360.0,LP001400,,No,Urban,No
3189,2367.0,1.0,0,Graduate,Male,186.0,360.0,LP001407,,Yes,Urban,No
6356,0.0,1.0,0,Graduate,Male,50.0,360.0,LP001413,,No,Rural,Yes
3413,4053.0,1.0,1,Graduate,Male,,360.0,LP001415,,Yes,Semiurban,No
7950,0.0,1.0,0,Graduate,Female,185.0,360.0,LP001419,,Yes,Urban,No
3829,1103.0,0.0,3+,Graduate,Male,163.0,360.0,LP001420,,Yes,Urban,No
72529,0.0,1.0,3+,Graduate,Male,360.0,360.0,LP001428,,Yes,Urban,No
4136,0.0,0.0,2,Not Graduate,Male,149.0,480.0,LP001445,,Yes,Rural,No
8449,0.0,1.0,0,Graduate,Male,257.0,360.0,LP001446,,Yes,Rural,No
4456,0.0,0.0,0,Graduate,Male,131.0,180.0,LP001450,,Yes,Semiurban,No
4635,8000.0,1.0,2,Graduate,Male,102.0,180.0,LP001452,,Yes,Rural,No
3571,1917.0,1.0,0,Graduate,Male,135.0,360.0,LP001455,,Yes,Urban,No
3066,0.0,1.0,0,Graduate,Male,95.0,360.0,LP001466,,No,Semiurban,No
3235,2015.0,1.0,2,Not Graduate,Male,77.0,360.0,LP001471,,No,Semiurban,No
5058,0.0,1.0,0,Graduate,Female,200.0,360.0,LP001472,,No,Rural,
3188,2286.0,,0,Graduate,Male,130.0,360.0,LP001475,,Yes,Rural,Yes
13518,0.0,1.0,3+,Graduate,Male,390.0,360.0,LP001483,,Yes,Rural,No
4364,2500.0,1.0,1,Graduate,Male,185.0,360.0,LP001486,,Yes,Semiurban,No
4766,1646.0,1.0,2,Not Graduate,Male,100.0,360.0,LP001490,,Yes,Semiurban,No
4609,2333.0,0.0,1,Graduate,Male,123.0,360.0,LP001496,,Yes,Semiurban,No
6260,0.0,1.0,3+,Graduate,Female,110.0,360.0,LP001499,,Yes,Semiurban,No
3333,4200.0,1.0,1,Graduate,Male,256.0,360.0,LP001500,,Yes,Urban,No
3500,3250.0,1.0,0,Graduate,Male,140.0,360.0,LP001501,,Yes,Semiurban,No
9719,0.0,1.0,3+,Graduate,Male,61.0,360.0,LP001517,,Yes,Urban,No
6835,0.0,,3+,Graduate,Male,188.0,360.0,LP001527,,Yes,Semiurban,No
4452,0.0,1.0,0,Graduate,Male,131.0,360.0,LP001534,,No,Rural,No
2262,0.0,0.0,0,Graduate,Female,,480.0,LP001542,,Yes,Semiurban,No
3901,0.0,1.0,1,Graduate,Male,116.0,360.0,LP001547,,Yes,Urban,No
2687,0.0,1.0,2,Not Graduate,Male,50.0,180.0,LP001548,,Yes,Rural,No
2243,2233.0,,0,Graduate,Male,107.0,360.0,LP001558,,No,Semiurban,No
3417,1287.0,1.0,0,Graduate,Female,200.0,360.0,LP001561,,Yes,Semiurban,No
1596,1760.0,0.0,0,Graduate,,119.0,360.0,LP001563,,No,Urban,No
4513,0.0,1.0,3+,Graduate,Male,120.0,360.0,LP001567,,Yes,Rural,No
4500,0.0,1.0,0,Graduate,Male,140.0,360.0,LP001568,,Yes,Semiurban,No
4523,1350.0,1.0,0,Not Graduate,Male,165.0,360.0,LP001573,,Yes,Urban,No
4742,0.0,1.0,0,Graduate,Female,108.0,360.0,LP001584,,No,Semiurban,Yes
4082,0.0,1.0,,Graduate,Male,93.0,360.0,LP001587,,Yes,Semiurban,No
3417,0.0,1.0,0,Graduate,Female,102.0,360.0,LP001589,,No,Urban,No
2922,3396.0,1.0,2,Graduate,Female,122.0,360.0,LP001591,,Yes,Semiurban,No
4167,4754.0,1.0,0,Graduate,Male,160.0,360.0,LP001599,,Yes,Rural,No
4243,4123.0,,3+,Graduate,Male,157.0,360.0,LP001601,,No,Semiurban,No
0,1760.0,1.0,0,Not Graduate,Female,180.0,360.0,LP001607,,No,Semiurban,No
1516,2900.0,0.0,1,Graduate,Male,80.0,,LP001611,,Yes,Rural,No
1762,2666.0,0.0,0,Graduate,Female,104.0,360.0,LP001613,,No,Urban,No
724,3510.0,0.0,2,Graduate,Male,213.0,360.0,LP001622,,Yes,Rural,No
3125,0.0,1.0,0,Graduate,Male,65.0,360.0,LP001627,,No,Urban,No
2333,3803.0,1.0,0,Graduate,Male,146.0,360.0,LP001650,,Yes,Rural,No
3350,1560.0,1.0,3+,Graduate,Male,135.0,360.0,LP001651,,Yes,Urban,No
2500,6414.0,0.0,0,Graduate,Male,187.0,360.0,LP001652,,No,Rural,No
12500,0.0,0.0,0,Graduate,Female,300.0,360.0,LP001655,,No,Urban,No
4667,0.0,1.0,0,Graduate,Male,120.0,360.0,LP001660,,No,Semiurban,No
6500,0.0,0.0,0,Graduate,Male,71.0,360.0,LP001662,,No,Urban,No
7500,0.0,1.0,2,Graduate,Male,225.0,360.0,LP001663,,Yes,Urban,No
3073,0.0,1.0,0,Graduate,Male,70.0,180.0,LP001667,,No,Urban,No
3321,2088.0,1.0,1,Not Graduate,Male,70.0,,LP001695,,Yes,Semiurban,No
3333,1270.0,1.0,0,Graduate,Male,124.0,360.0,LP001703,,Yes,Urban,No
3391,0.0,1.0,0,Graduate,Male,132.0,360.0,LP001718,,No,Rural,No
3343,1517.0,1.0,1,Graduate,Male,105.0,360.0,LP001728,,Yes,Rural,Yes
3620,0.0,1.0,1,Graduate,Female,90.0,360.0,LP001735,,No,Urban,No
4000,0.0,1.0,0,Graduate,Male,83.0,84.0,LP001737,,No,Urban,No
4258,0.0,1.0,0,Graduate,Male,125.0,360.0,LP001739,,Yes,Urban,No
4500,0.0,1.0,2,Graduate,Male,147.0,360.0,LP001742,,Yes,Rural,No
2014,2925.0,1.0,1,Graduate,Male,120.0,360.0,LP001757,,Yes,Rural,No
3333,1250.0,1.0,,Graduate,,110.0,360.0,LP001769,,No,Semiurban,No
4083,0.0,,3+,Graduate,Female,103.0,360.0,LP001771,,No,Semiurban,No
4727,0.0,0.0,0,Graduate,Male,150.0,360.0,LP001785,,No,Rural,No
3089,2999.0,1.0,3+,Graduate,Male,100.0,240.0,LP001787,,Yes,Rural,No
6794,528.0,0.0,3+,Not Graduate,Male,139.0,360.0,LP001789,,Yes,Urban,
32000,0.0,,0,Graduate,Male,550.0,360.0,LP001791,,Yes,Semiurban,Yes
10890,0.0,1.0,2,Graduate,Male,260.0,12.0,LP001794,,Yes,Rural,Yes
12941,0.0,1.0,0,Graduate,Female,150.0,300.0,LP001797,,No,Urban,No
3276,0.0,1.0,0,Not Graduate,Male,90.0,360.0,LP001815,,No,Semiurban,No
8703,0.0,0.0,0,Not Graduate,Male,199.0,360.0,LP001817,,No,Rural,Yes
4742,717.0,1.0,1,Graduate,Male,139.0,360.0,LP001818,,Yes,Semiurban,No
5900,0.0,1.0,0,Graduate,Male,150.0,360.0,LP001822,,No,Urban,No
3071,4309.0,1.0,0,Graduate,Male,180.0,360.0,LP001827,,No,Urban,No
2783,1456.0,1.0,0,Graduate,Male,113.0,360.0,LP001831,,Yes,Urban,No
5000,0.0,1.0,0,Graduate,Male,148.0,360.0,LP001842,,No,Rural,No
2463,2360.0,0.0,1,Not Graduate,Male,117.0,360.0,LP001853,,Yes,Urban,No
4855,0.0,1.0,2,Graduate,Male,72.0,360.0,LP001855,,Yes,Rural,No
1599,2474.0,1.0,0,Not Graduate,Male,125.0,300.0,LP001857,,No,Semiurban,Yes
4246,4246.0,1.0,2,Graduate,Male,214.0,360.0,LP001862,,Yes,Urban,Yes
4333,2291.0,1.0,0,Graduate,Male,133.0,350.0,LP001867,,Yes,Rural,No
5823,2529.0,1.0,1,Graduate,Male,187.0,360.0,LP001878,,No,Semiurban,No
7895,0.0,1.0,0,Not Graduate,Male,143.0,360.0,LP001881,,Yes,Rural,No
4150,4256.0,1.0,0,Graduate,Male,209.0,360.0,LP001886,,No,Rural,No
2964,0.0,0.0,0,Graduate,Male,84.0,360.0,LP001906,,No,Semiurban,
5583,0.0,1.0,0,Graduate,Male,116.0,360.0,LP001909,,No,Urban,No
2708,0.0,1.0,0,Graduate,Female,65.0,360.0,LP001911,,No,Rural,No
3180,2370.0,,1,Graduate,Male,80.0,240.0,LP001921,,No,Rural,No
2268,0.0,0.0,0,Not Graduate,Male,170.0,360.0,LP001923,,No,Semiurban,No
1141,2017.0,0.0,2,Not Graduate,Male,120.0,360.0,LP001933,,No,Urban,No
3042,3167.0,1.0,0,Graduate,Male,135.0,360.0,LP001943,,Yes,Urban,No
1750,2935.0,0.0,3+,Graduate,Female,94.0,360.0,LP001950,,Yes,Semiurban,
3564,0.0,1.0,1,Graduate,Female,79.0,360.0,LP001959,,Yes,Rural,No
3958,0.0,1.0,0,Graduate,Female,110.0,360.0,LP001961,,No,Rural,No
4483,0.0,1.0,2,Not Graduate,Male,130.0,360.0,LP001973,,Yes,Rural,No
5225,0.0,1.0,0,Graduate,Male,143.0,360.0,LP001975,,Yes,Rural,No
3017,2845.0,0.0,0,Graduate,Male,159.0,180.0,LP001979,,No,Urban,No
2431,1820.0,0.0,0,Not Graduate,Male,110.0,360.0,LP001995,,Yes,Rural,No
4912,4614.0,1.0,2,Graduate,Male,160.0,360.0,LP001999,,Yes,Rural,
2500,3333.0,1.0,2,Not Graduate,Male,131.0,360.0,LP002007,,Yes,Urban,No
2918,0.0,,0,Graduate,Female,65.0,360.0,LP002009,,No,Rural,No
5128,0.0,1.0,2,Graduate,Male,143.0,360.0,LP002016,,Yes,Rural,No
15312,0.0,,3+,Graduate,Male,187.0,360.0,LP002017,,Yes,Urban,No
3958,2632.0,1.0,2,Graduate,Male,160.0,360.0,LP002018,,Yes,Semiurban,No
4334,2945.0,1.0,0,Graduate,Male,165.0,360.0,LP002027,,Yes,Semiurban,No
4358,0.0,1.0,2,Graduate,Male,110.0,360.0,LP002028,,Yes,Urban,No
4000,3917.0,1.0,1,Graduate,Female,173.0,360.0,LP002042,,Yes,Rural,No
10166,750.0,1.0,3+,Graduate,Male,150.0,,LP002045,,Yes,Urban,No
4483,0.0,,0,Not Graduate,Male,135.0,360.0,LP002046,,Yes,Semiurban,No
4521,1184.0,1.0,2,Not Graduate,Male,150.0,360.0,LP002047,,Yes,Semiurban,No
9167,0.0,1.0,2,Graduate,Male,235.0,360.0,LP002056,,Yes,Semiurban,No
13083,0.0,1.0,0,Not Graduate,Male,,360.0,LP002057,,Yes,Rural,No
7874,3967.0,1.0,2,Graduate,Male,336.0,360.0,LP002059,,Yes,Rural,No
4333,0.0,1.0,1,Graduate,Female,132.0,84.0,LP002062,,Yes,Rural,No
4083,0.0,1.0,0,Graduate,Male,96.0,360.0,LP002064,,No,Urban,No
3785,2912.0,0.0,2,Not Graduate,Male,180.0,360.0,LP002069,,Yes,Rural,
2654,1998.0,0.0,3+,Not Graduate,Male,128.0,360.0,LP002070,,Yes,Rural,No
10000,2690.0,1.0,1,Graduate,Male,412.0,360.0,LP002077,,Yes,Semiurban,No
5833,0.0,1.0,0,Graduate,Male,116.0,360.0,LP002083,,No,Urban,Yes
4796,0.0,0.0,1,Graduate,Male,114.0,360.0,LP002090,,Yes,Semiurban,No
2000,1600.0,1.0,0,Not Graduate,Male,115.0,360.0,LP002096,,Yes,Rural,No
2540,700.0,0.0,2,Graduate,Male,104.0,360.0,LP002099,,Yes,Urban,No
1900,1442.0,1.0,0,Graduate,Male,88.0,360.0,LP002102,,Yes,Rural,Yes
8706,0.0,1.0,0,Graduate,Male,108.0,480.0,LP002105,,Yes,Rural,Yes
2855,542.0,1.0,3+,Not Graduate,Male,90.0,360.0,LP002107,,Yes,Urban,No
3016,1300.0,,,Graduate,Male,100.0,360.0,LP002111,,Yes,Urban,No
3159,2374.0,1.0,0,Graduate,Female,108.0,360.0,LP002117,,Yes,Semiurban,No
1937,1152.0,1.0,0,Graduate,Female,78.0,360.0,LP002118,,No,Semiurban,No
2613,2417.0,1.0,0,Graduate,Male,123.0,360.0,LP002123,,Yes,Semiurban,No
4960,2600.0,1.0,1,Graduate,Male,187.0,360.0,LP002125,,Yes,Semiurban,No
3074,1083.0,1.0,1,Graduate,Male,146.0,360.0,LP002148,,Yes,Semiurban,No
4213,0.0,1.0,0,Graduate,Female,80.0,360.0,LP002152,,No,Urban,No
2038,4027.0,1.0,1,Not Graduate,,100.0,360.0,LP002165,,No,Rural,No
2362,0.0,1.0,0,Graduate,Female,55.0,360.0,LP002167,,No,Urban,No
5333,2400.0,0.0,0,Graduate,Male,200.0,360.0,LP002168,,No,Rural,No
5384,0.0,1.0,3+,Graduate,Male,150.0,360.0,LP002172,,Yes,Semiurban,Yes
5708,0.0,1.0,0,Graduate,Male,150.0,360.0,LP002176,,No,Rural,No
3754,3719.0,1.0,0,Not Graduate,Male,118.0,,LP002183,,Yes,Rural,No
2914,2130.0,1.0,0,Not Graduate,Male,150.0,300.0,LP002184,,Yes,Urban,No
2747,2458.0,1.0,0,Not Graduate,Male,118.0,36.0,LP002186,,Yes,Semiurban,No
7830,2183.0,1.0,0,Graduate,Male,212.0,360.0,LP002192,,Yes,Rural,No
3507,3148.0,1.0,1,Graduate,Male,212.0,360.0,LP002195,,Yes,Rural,Yes
3747,2139.0,1.0,1,Graduate,Male,125.0,360.0,LP002208,,Yes,Urban,No
2166,2166.0,,0,Graduate,Male,108.0,360.0,LP002212,,Yes,Urban,No
3500,2168.0,1.0,0,Not Graduate,Male,149.0,360.0,LP002240,,Yes,Rural,No
2896,0.0,1.0,2,Not Graduate,Male,80.0,480.0,LP002245,,Yes,Urban,No
5062,0.0,1.0,1,Graduate,Female,152.0,300.0,LP002253,,No,Rural,No
5184,0.0,0.0,2,Graduate,Female,187.0,360.0,LP002256,,No,Semiurban,Yes
2545,0.0,1.0,0,Graduate,Female,74.0,360.0,LP002257,,No,Urban,No
2553,1768.0,1.0,0,Graduate,Male,102.0,360.0,LP002264,,Yes,Urban,No
3436,3809.0,1.0,1,Graduate,Male,100.0,360.0,LP002270,,Yes,Rural,No
2412,2755.0,1.0,0,Graduate,Male,130.0,360.0,LP002279,,No,Rural,No
5180,0.0,0.0,3+,Not Graduate,Male,125.0,360.0,LP002286,,Yes,Urban,No
14911,14507.0,1.0,0,Graduate,Male,130.0,360.0,LP002294,,No,Semiurban,No
2860,2988.0,1.0,0,Graduate,,138.0,360.0,LP002298,,No,Urban,Yes
1173,1594.0,1.0,0,Graduate,Male,28.0,180.0,LP002306,,Yes,Rural,No
7600,0.0,1.0,1,Graduate,Female,92.0,360.0,LP002310,,No,Semiurban,No
2157,1788.0,1.0,0,Graduate,Female,104.0,360.0,LP002311,,Yes,Urban,No
2231,2774.0,0.0,0,Graduate,Male,176.0,360.0,LP002316,,No,Urban,No
2274,5211.0,0.0,0,Graduate,Female,117.0,360.0,LP002321,,No,Semiurban,No
6166,13983.0,1.0,2,Not Graduate,Male,102.0,360.0,LP002325,,Yes,Rural,No
2513,1110.0,1.0,2,Not Graduate,Male,107.0,360.0,LP002326,,Yes,Semiurban,No
4333,0.0,1.0,0,Graduate,Male,66.0,480.0,LP002329,,No,Urban,No
3844,0.0,1.0,0,Not Graduate,Male,105.0,360.0,LP002333,,No,Urban,No
3887,1517.0,0.0,0,Graduate,Male,105.0,360.0,LP002339,,Yes,Semiurban,No
3510,828.0,1.0,0,Graduate,Male,105.0,360.0,LP002344,,Yes,Semiurban,No
2539,1704.0,0.0,0,Graduate,Male,125.0,360.0,LP002346,,Yes,Rural,
2107,0.0,1.0,0,Not Graduate,Female,64.0,360.0,LP002354,,No,Semiurban,No
3186,3145.0,0.0,0,Graduate,,150.0,180.0,LP002355,,Yes,Semiurban,No
5000,2166.0,1.0,2,Graduate,Male,150.0,360.0,LP002358,,Yes,Urban,Yes
10000,0.0,1.0,,Graduate,Male,,360.0,LP002360,,Yes,Urban,No
3943,0.0,1.0,0,Not Graduate,Male,64.0,360.0,LP002375,,Yes,Semiurban,Yes
2925,0.0,1.0,0,Graduate,Male,40.0,180.0,LP002376,,No,Rural,No
3242,437.0,0.0,3+,Graduate,Male,142.0,480.0,LP002383,,Yes,Urban,No
3863,0.0,1.0,,Graduate,Male,70.0,300.0,LP002385,,Yes,Semiurban,No
4028,0.0,1.0,1,Graduate,Female,131.0,360.0,LP002389,,No,Semiurban,No
4010,1025.0,1.0,2,Graduate,Male,120.0,360.0,LP002394,,Yes,Urban,No
3719,1585.0,1.0,1,Graduate,Female,114.0,360.0,LP002397,,Yes,Urban,No
2858,0.0,0.0,0,Graduate,Male,123.0,360.0,LP002399,,No,Rural,
3833,0.0,1.0,0,Graduate,Female,92.0,360.0,LP002400,,Yes,Rural,No
3333,4288.0,1.0,0,Graduate,Male,160.0,360.0,LP002402,,Yes,Urban,No
3007,3725.0,1.0,0,Graduate,Male,151.0,360.0,LP002412,,Yes,Rural,No
1850,4583.0,,1,Graduate,Female,81.0,360.0,LP002415,,No,Rural,
2792,2619.0,1.0,3+,Not Graduate,Male,171.0,360.0,LP002417,,Yes,Semiurban,No
2982,1550.0,1.0,0,Graduate,Male,110.0,360.0,LP002420,,Yes,Semiurban,No
3417,738.0,,0,Graduate,Male,100.0,360.0,LP002425,,No,Rural,No
18840,0.0,1.0,1,Graduate,Male,234.0,360.0,LP002433,,Yes,Rural,No
2995,1120.0,1.0,2,Graduate,Male,184.0,360.0,LP002440,,Yes,Rural,No
3579,3308.0,,,Graduate,Male,138.0,360.0,LP002441,,No,Semiurban,No
3835,1400.0,0.0,1,Not Graduate,Female,112.0,480.0,LP002442,,Yes,Urban,No
3854,3575.0,1.0,1,Not Graduate,Female,117.0,360.0,LP002445,,No,Rural,No
5833,750.0,0.0,2,Graduate,Male,49.0,360.0,LP002450,,Yes,Rural,No
3508,0.0,1.0,0,Graduate,Male,99.0,360.0,LP002471,,No,Rural,No
1635,2444.0,1.0,3+,Not Graduate,Female,99.0,360.0,LP002476,,Yes,Urban,No
3333,3916.0,1.0,0,Graduate,Female,212.0,360.0,LP002482,,No,Rural,Yes
24797,0.0,1.0,1,Graduate,Male,240.0,360.0,LP002485,,No,Semiurban,No
5667,440.0,0.0,2,Graduate,Male,130.0,360.0,LP002495,,Yes,Semiurban,No
3500,0.0,0.0,0,Graduate,Female,94.0,360.0,LP002496,,No,Semiurban,No
2773,1497.0,1.0,3+,Graduate,Male,108.0,360.0,LP002523,,Yes,Semiurban,No
6500,0.0,1.0,0,Graduate,Male,144.0,360.0,LP002542,,Yes,Urban,
5769,0.0,1.0,0,Graduate,Female,110.0,180.0,LP002550,,No,Semiurban,No
3634,910.0,0.0,3+,Not Graduate,Male,176.0,360.0,LP002551,,Yes,Semiurban,
29167,0.0,1.0,0,Graduate,,185.0,360.0,LP002553,,No,Semiurban,No
2166,2057.0,1.0,0,Graduate,Male,122.0,360.0,LP002554,,No,Semiurban,No
5000,0.0,1.0,0,Graduate,Male,126.0,360.0,LP002561,,Yes,Rural,No
5530,0.0,,0,Graduate,Female,135.0,360.0,LP002566,,No,Urban,No
9000,0.0,1.0,0,Not Graduate,Male,122.0,360.0,LP002568,,No,Rural,No
10000,11666.0,1.0,2,Graduate,Female,460.0,360.0,LP002570,,Yes,Urban,No
8750,0.0,1.0,1,Graduate,Male,297.0,360.0,LP002572,,Yes,Urban,
2157,2730.0,,0,Not Graduate,Male,140.0,360.0,LP002581,,Yes,Rural,No
1972,4347.0,1.0,0,Graduate,Male,106.0,360.0,LP002584,,No,Rural,
4983,0.0,1.0,0,Graduate,Male,141.0,360.0,LP002592,,No,Urban,No
8333,4000.0,1.0,1,Graduate,Male,,360.0,LP002593,,Yes,Urban,No
3667,2000.0,1.0,0,Graduate,Male,170.0,360.0,LP002599,,Yes,Semiurban,No
3166,2833.0,1.0,2,Graduate,Male,145.0,360.0,LP002604,,Yes,Urban,No
3271,0.0,1.0,0,Not Graduate,Male,90.0,360.0,LP002605,,No,Rural,No
2241,2000.0,0.0,0,Graduate,Female,88.0,360.0,LP002609,,Yes,Urban,No
1792,2565.0,1.0,1,Not Graduate,Male,128.0,360.0,LP002610,,Yes,Urban,
2666,0.0,1.0,0,Graduate,Female,84.0,480.0,LP002612,,Yes,Semiurban,No
6478,0.0,1.0,0,Graduate,,108.0,360.0,LP002614,,No,Semiurban,No
3808,0.0,1.0,0,Not Graduate,Male,83.0,360.0,LP002630,,No,Rural,
3729,0.0,1.0,2,Not Graduate,Female,117.0,360.0,LP002635,,Yes,Semiurban,No
4120,0.0,1.0,2,Graduate,Male,128.0,360.0,LP002639,,Yes,Rural,No
7500,0.0,1.0,1,Graduate,Male,75.0,360.0,LP002644,,Yes,Urban,Yes
6300,0.0,0.0,1,Graduate,Male,125.0,360.0,LP002651,,Yes,Urban,
14987,0.0,1.0,,Graduate,Female,177.0,360.0,LP002654,,No,Rural,Yes
570,2125.0,1.0,1,Not Graduate,,68.0,360.0,LP002657,,Yes,Rural,Yes
2600,700.0,1.0,0,Graduate,Male,96.0,360.0,LP002711,,Yes,Semiurban,No
2733,1083.0,,2,Not Graduate,Male,180.0,360.0,LP002712,,No,Semiurban,No
7500,0.0,1.0,2,Graduate,Male,183.0,360.0,LP002721,,Yes,Rural,Yes
3859,0.0,1.0,2,Not Graduate,Male,121.0,360.0,LP002735,,Yes,Rural,No
6825,0.0,1.0,1,Graduate,Male,162.0,360.0,LP002744,,Yes,Rural,No
3708,4700.0,1.0,0,Graduate,Male,132.0,360.0,LP002745,,Yes,Semiurban,No
5314,0.0,1.0,0,Graduate,Male,147.0,360.0,LP002746,,No,Urban,No
2366,5272.0,0.0,3+,Graduate,Female,153.0,360.0,LP002747,,No,Rural,No
2066,2108.0,1.0,,Graduate,Male,104.0,84.0,LP002754,,No,Urban,No
5000,0.0,1.0,2,Graduate,Male,149.0,360.0,LP002759,,Yes,Rural,No
3767,0.0,1.0,0,Graduate,Female,134.0,300.0,LP002760,,No,Urban,No
7859,879.0,1.0,0,Graduate,Female,165.0,180.0,LP002766,,Yes,Semiurban,No
4283,0.0,1.0,0,Graduate,Female,120.0,360.0,LP002769,,Yes,Rural,No
1700,2900.0,0.0,0,Not Graduate,Male,67.0,360.0,LP002774,,Yes,Urban,No
4768,0.0,1.0,0,Not Graduate,,125.0,360.0,LP002775,,No,Rural,No
3083,2738.0,1.0,0,Graduate,Male,120.0,360.0,LP002781,,No,Urban,No
2667,1542.0,1.0,1,Graduate,Male,148.0,360.0,LP002782,,Yes,Rural,No
1647,1762.0,1.0,0,Not Graduate,Female,181.0,360.0,LP002786,,Yes,Urban,No
3400,0.0,1.0,3+,Graduate,Male,80.0,120.0,LP002790,,Yes,Urban,No
16000,5000.0,1.0,1,Graduate,Male,40.0,360.0,LP002791,,No,Semiurban,
5333,0.0,1.0,0,Graduate,Male,90.0,360.0,LP002793,,Yes,Rural,No
2875,2416.0,0.0,0,Graduate,Male,95.0,6.0,LP002802,,No,Semiurban,No
2600,618.0,1.0,1,Not Graduate,Male,122.0,360.0,LP002803,,Yes,Semiurban,
5041,700.0,1.0,2,Graduate,Male,150.0,360.0,LP002805,,Yes,Urban,No
6958,1411.0,1.0,3+,Graduate,Male,150.0,360.0,LP002806,,Yes,Rural,Yes
3500,1658.0,,1,Graduate,Male,104.0,360.0,LP002816,,Yes,Semiurban,No
5509,0.0,1.0,0,Graduate,Male,143.0,360.0,LP002823,,Yes,Rural,No
9699,0.0,1.0,3+,Graduate,Male,300.0,360.0,LP002825,,Yes,Urban,No
3621,2717.0,1.0,1,Not Graduate,Female,171.0,360.0,LP002826,,Yes,Urban,No
4709,0.0,1.0,0,Graduate,Female,113.0,360.0,LP002843,,Yes,Semiurban,No
1516,1951.0,1.0,0,Graduate,Male,35.0,360.0,LP002849,,Yes,Semiurban,No
2400,0.0,1.0,2,Graduate,Male,46.0,360.0,LP002850,,No,Urban,No
3015,2000.0,,0,Not Graduate,Female,145.0,360.0,LP002853,,No,Urban,No
2292,1558.0,1.0,0,Graduate,Male,119.0,360.0,LP002856,,Yes,Urban,No
2360,3355.0,1.0,1,Graduate,Male,87.0,240.0,LP002857,,Yes,Rural,Yes
4333,2333.0,0.0,0,Graduate,Female,162.0,360.0,LP002858,,No,Rural,No
2623,4831.0,1.0,0,Graduate,Male,122.0,180.0,LP002860,,Yes,Semiurban,Yes
3972,4275.0,1.0,0,Graduate,Male,187.0,360.0,LP002867,,No,Rural,Yes
3522,0.0,1.0,3+,Not Graduate,Male,81.0,180.0,LP002869,,Yes,Rural,No
4700,0.0,1.0,1,Graduate,Male,80.0,360.0,LP002870,,Yes,Urban,No
6858,0.0,1.0,0,Graduate,Male,176.0,360.0,LP002876,,No,Rural,No
8334,0.0,1.0,3+,Graduate,Male,260.0,360.0,LP002878,,Yes,Urban,No
3391,1966.0,0.0,0,Graduate,Male,133.0,360.0,LP002879,,Yes,Rural,No
2868,0.0,1.0,0,Not Graduate,Male,70.0,360.0,LP002885,,No,Urban,No
3418,1380.0,1.0,2,Not Graduate,Male,135.0,360.0,LP002890,,Yes,Urban,No
2500,296.0,1.0,0,Graduate,Male,137.0,300.0,LP002891,,Yes,Rural,Yes
8667,0.0,1.0,2,Graduate,Male,254.0,360.0,LP002899,,Yes,Rural,No
2283,15000.0,,0,Graduate,Male,106.0,360.0,LP002901,,No,Rural,No
5817,910.0,1.0,0,Graduate,Male,109.0,360.0,LP002907,,Yes,Urban,No
5119,3769.0,1.0,0,Graduate,Male,120.0,360.0,LP002920,,Yes,Rural,No
5316,187.0,0.0,3+,Not Graduate,Male,158.0,180.0,LP002921,,Yes,Semiurban,No
7603,1213.0,1.0,3+,Graduate,Male,197.0,360.0,LP002932,,Yes,Urban,No
3791,1936.0,1.0,1,Graduate,Male,85.0,360.0,LP002935,,Yes,Urban,No
2500,0.0,1.0,0,Graduate,Male,60.0,360.0,LP002952,,No,Urban,No
3132,0.0,,2,Not Graduate,Male,76.0,360.0,LP002954,,Yes,Rural,No
4000,2667.0,1.0,0,Graduate,Male,152.0,360.0,LP002962,,No,Semiurban,No
8550,4255.0,,0,Graduate,Female,96.0,360.0,LP002965,,Yes,Urban,No
2269,2167.0,1.0,1,Graduate,Male,99.0,360.0,LP002969,,Yes,Semiurban,No
4009,1777.0,1.0,3+,Not Graduate,Male,113.0,360.0,LP002971,,Yes,Urban,Yes
4158,709.0,1.0,0,Graduate,Male,115.0,360.0,LP002975,,Yes,Urban,No
3250,1993.0,,0,Graduate,Male,126.0,360.0,LP002980,,No,Semiurban,No
5000,2393.0,1.0,0,Graduate,Male,158.0,360.0,LP002986,,Yes,Rural,No
9200,0.0,1.0,0,Graduate,Male,98.0,180.0,LP002989,,No,Rural,Yes
5849,0.0,1.0,0,Graduate,Male,,360.0,LP001002,Y,No,Urban,No
4583,1508.0,1.0,1,Graduate,Male,128.0,360.0,LP001003,N,Yes,Rural,No
3000,0.0,1.0,0,Graduate,Male,66.0,360.0,LP001005,Y,Yes,Urban,Yes
2583,2358.0,1.0,0,Not Graduate,Male,120.0,360.0,LP001006,Y,Yes,Urban,No
6000,0.0,1.0,0,Graduate,Male,141.0,360.0,LP001008,Y,No,Urban,No
5417,4196.0,1.0,2,Graduate,Male,267.0,360.0,LP001011,Y,Yes,Urban,Yes
2333,1516.0,1.0,0,Not Graduate,Male,95.0,360.0,LP001013,Y,Yes,Urban,No
3036,2504.0,0.0,3+,Graduate,Male,158.0,360.0,LP001014,N,Yes,Semiurban,No
4006,1526.0,1.0,2,Graduate,Male,168.0,360.0,LP001018,Y,Yes,Urban,No
12841,10968.0,1.0,1,Graduate,Male,349.0,360.0,LP001020,N,Yes,Semiurban,No
3200,700.0,1.0,2,Graduate,Male,70.0,360.0,LP001024,Y,Yes,Urban,No
2500,1840.0,1.0,2,Graduate,Male,109.0,360.0,LP001027,Y,Yes,Urban,
3073,8106.0,1.0,2,Graduate,Male,200.0,360.0,LP001028,Y,Yes,Urban,No
1853,2840.0,1.0,0,Graduate,Male,114.0,360.0,LP001029,N,No,Rural,No
1299,1086.0,1.0,2,Graduate,Male,17.0,120.0,LP001030,Y,Yes,Urban,No
4950,0.0,1.0,0,Graduate,Male,125.0,360.0,LP001032,Y,No,Urban,No
3596,0.0,,1,Not Graduate,Male,100.0,240.0,LP001034,Y,No,Urban,No
3510,0.0,0.0,0,Graduate,Female,76.0,360.0,LP001036,N,No,Urban,No
4887,0.0,1.0,0,Not Graduate,Male,133.0,360.0,LP001038,N,Yes,Rural,No
2600,3500.0,1.0,0,Graduate,Male,115.0,,LP001041,Y,Yes,Urban,
7660,0.0,0.0,0,Not Graduate,Male,104.0,360.0,LP001043,N,Yes,Urban,No
5955,5625.0,1.0,1,Graduate,Male,315.0,360.0,LP001046,Y,Yes,Urban,No
2600,1911.0,0.0,0,Not Graduate,Male,116.0,360.0,LP001047,N,Yes,Semiurban,No
3365,1917.0,0.0,2,Not Graduate,,112.0,360.0,LP001050,N,Yes,Rural,No
3717,2925.0,,1,Graduate,Male,151.0,360.0,LP001052,N,Yes,Semiurban,
9560,0.0,1.0,0,Graduate,Male,191.0,360.0,LP001066,Y,Yes,Semiurban,Yes
2799,2253.0,1.0,0,Graduate,Male,122.0,360.0,LP001068,Y,Yes,Semiurban,No
4226,1040.0,1.0,2,Not Graduate,Male,110.0,360.0,LP001073,Y,Yes,Urban,No
1442,0.0,1.0,0,Not Graduate,Male,35.0,360.0,LP001086,N,No,Urban,No
3750,2083.0,1.0,2,Graduate,Female,120.0,360.0,LP001087,Y,No,Semiurban,
4166,3369.0,,1,Graduate,Male,201.0,360.0,LP001091,N,Yes,Urban,
3167,0.0,1.0,0,Graduate,Male,74.0,360.0,LP001095,N,No,Urban,No
4692,0.0,1.0,1,Graduate,Male,106.0,360.0,LP001097,N,No,Rural,Yes
3500,1667.0,1.0,0,Graduate,Male,114.0,360.0,LP001098,Y,Yes,Semiurban,No
12500,3000.0,1.0,3+,Graduate,Male,320.0,360.0,LP001100,N,No,Rural,No
2275,2067.0,1.0,0,Graduate,Male,,360.0,LP001106,Y,Yes,Urban,No
1828,1330.0,0.0,0,Graduate,Male,100.0,,LP001109,N,Yes,Urban,No
3667,1459.0,1.0,0,Graduate,Female,144.0,360.0,LP001112,Y,Yes,Semiurban,No
4166,7210.0,1.0,0,Graduate,Male,184.0,360.0,LP001114,Y,No,Urban,No
3748,1668.0,1.0,0,Not Graduate,Male,110.0,360.0,LP001116,Y,No,Semiurban,No
3600,0.0,1.0,0,Graduate,Male,80.0,360.0,LP001119,N,No,Urban,No
1800,1213.0,1.0,0,Graduate,Male,47.0,360.0,LP001120,Y,No,Urban,No
2400,0.0,,0,Graduate,Male,75.0,360.0,LP001123,Y,Yes,Urban,No
3941,2336.0,1.0,0,Graduate,Male,134.0,360.0,LP001131,Y,Yes,Semiurban,No
4695,0.0,1.0,0,Not Graduate,Male,96.0,,LP001136,Y,Yes,Urban,Yes
3410,0.0,1.0,0,Graduate,Female,88.0,,LP001137,Y,No,Urban,No
5649,0.0,1.0,1,Graduate,Male,44.0,360.0,LP001138,Y,Yes,Urban,No
5821,0.0,1.0,0,Graduate,Male,144.0,360.0,LP001144,Y,Yes,Urban,No
2645,3440.0,0.0,0,Graduate,Female,120.0,360.0,LP001146,N,Yes,Urban,No
4000,2275.0,1.0,0,Graduate,Female,144.0,360.0,LP001151,Y,No,Semiurban,No
1928,1644.0,1.0,0,Not Graduate,Female,100.0,360.0,LP001155,Y,Yes,Semiurban,No
3086,0.0,1.0,0,Graduate,Female,120.0,360.0,LP001157,Y,No,Semiurban,No
4230,0.0,1.0,0,Graduate,Female,112.0,360.0,LP001164,N,No,Semiurban,No
4616,0.0,1.0,2,Graduate,Male,134.0,360.0,LP001179,N,Yes,Urban,No
11500,0.0,0.0,1,Graduate,Female,286.0,360.0,LP001186,N,Yes,Urban,Yes
2708,1167.0,1.0,2,Graduate,Male,97.0,360.0,LP001194,Y,Yes,Semiurban,No
2132,1591.0,1.0,0,Graduate,Male,96.0,360.0,LP001195,Y,Yes,Semiurban,No
3366,2200.0,1.0,0,Graduate,Male,135.0,360.0,LP001197,N,Yes,Rural,No
8080,2250.0,1.0,1,Graduate,Male,180.0,360.0,LP001198,Y,Yes,Urban,No
3357,2859.0,1.0,2,Not Graduate,Male,144.0,360.0,LP001199,Y,Yes,Urban,No
2500,3796.0,1.0,0,Graduate,Male,120.0,360.0,LP001205,Y,Yes,Urban,No
3029,0.0,1.0,3+,Graduate,Male,99.0,360.0,LP001206,Y,Yes,Urban,No
2609,3449.0,0.0,0,Not Graduate,Male,165.0,180.0,LP001207,N,Yes,Rural,Yes
4945,0.0,0.0,1,Graduate,Male,,360.0,LP001213,N,Yes,Rural,No
4166,0.0,0.0,0,Graduate,Female,116.0,360.0,LP001222,N,No,Semiurban,No
5726,4595.0,1.0,0,Graduate,Male,258.0,360.0,LP001225,N,Yes,Semiurban,No
3200,2254.0,0.0,0,Not Graduate,Male,126.0,180.0,LP001228,N,No,Urban,No
10750,0.0,1.0,1,Graduate,Male,312.0,360.0,LP001233,Y,Yes,Urban,No
7100,0.0,1.0,3+,Not Graduate,Male,125.0,60.0,LP001238,Y,Yes,Urban,Yes
4300,0.0,0.0,0,Graduate,Female,136.0,360.0,LP001241,N,No,Semiurban,No
3208,3066.0,1.0,0,Graduate,Male,172.0,360.0,LP001243,Y,Yes,Urban,No
1875,1875.0,1.0,2,Not Graduate,Male,97.0,360.0,LP001245,Y,Yes,Semiurban,Yes
3500,0.0,1.0,0,Graduate,Male,81.0,300.0,LP001248,Y,No,Semiurban,No
4755,0.0,0.0,3+,Not Graduate,Male,95.0,,LP001250,N,Yes,Semiurban,No
5266,1774.0,1.0,3+,Graduate,Male,187.0,360.0,LP001253,Y,Yes,Semiurban,Yes
3750,0.0,1.0,0,Graduate,Male,113.0,480.0,LP001255,N,No,Urban,No
3750,4750.0,1.0,0,Graduate,Male,176.0,360.0,LP001256,N,No,Urban,No
1000,3022.0,1.0,1,Graduate,Male,110.0,360.0,LP001259,N,Yes,Urban,Yes
3167,4000.0,0.0,3+,Graduate,Male,180.0,300.0,LP001263,N,Yes,Semiurban,No
3333,2166.0,,3+,Not Graduate,Male,130.0,360.0,LP001264,Y,Yes,Semiurban,Yes
3846,0.0,1.0,0,Graduate,Female,111.0,360.0,LP001265,Y,No,Semiurban,No
2395,0.0,1.0,1,Graduate,Male,,360.0,LP001266,Y,Yes,Semiurban,Yes
1378,1881.0,1.0,2,Graduate,Female,167.0,360.0,LP001267,N,Yes,Urban,No
6000,2250.0,,0,Graduate,Male,265.0,360.0,LP001273,N,Yes,Semiurban,No
3988,0.0,1.0,1,Graduate,Male,50.0,240.0,LP001275,Y,Yes,Urban,No
2366,2531.0,1.0,0,Graduate,Male,136.0,360.0,LP001279,Y,No,Semiurban,No
3333,2000.0,,2,Not Graduate,Male,99.0,360.0,LP001280,Y,Yes,Semiurban,No
2500,2118.0,1.0,0,Graduate,Male,104.0,360.0,LP001282,Y,Yes,Semiurban,No
8566,0.0,1.0,0,Graduate,Male,210.0,360.0,LP001289,Y,No,Urban,No
5695,4167.0,1.0,0,Graduate,Male,175.0,360.0,LP001310,Y,Yes,Semiurban,No
2958,2900.0,1.0,0,Graduate,Male,131.0,360.0,LP001316,Y,Yes,Semiurban,No
6250,5654.0,1.0,2,Graduate,Male,188.0,180.0,LP001318,Y,Yes,Semiurban,No
3273,1820.0,1.0,2,Not Graduate,Male,81.0,360.0,LP001319,Y,Yes,Urban,No
4133,0.0,1.0,0,Graduate,Male,122.0,360.0,LP001322,Y,No,Semiurban,No
3620,0.0,1.0,0,Not Graduate,Male,25.0,120.0,LP001325,Y,No,Semiurban,No
6782,0.0,,0,Graduate,Male,,360.0,LP001326,N,No,Urban,
2484,2302.0,1.0,0,Graduate,Female,137.0,360.0,LP001327,Y,Yes,Semiurban,No
1977,997.0,1.0,0,Graduate,Male,50.0,360.0,LP001333,Y,Yes,Semiurban,No
4188,0.0,1.0,0,Not Graduate,Male,115.0,180.0,LP001334,Y,Yes,Semiurban,No
1759,3541.0,1.0,0,Graduate,Male,131.0,360.0,LP001343,Y,Yes,Semiurban,No
4288,3263.0,1.0,2,Not Graduate,Male,133.0,180.0,LP001345,Y,Yes,Urban,No
4843,3806.0,1.0,0,Graduate,Male,151.0,360.0,LP001349,Y,No,Semiurban,No
13650,0.0,1.0,,Graduate,Male,,360.0,LP001350,Y,Yes,Urban,No
4652,3583.0,1.0,0,Graduate,Male,,360.0,LP001356,Y,Yes,Semiurban,No
3816,754.0,1.0,,Graduate,Male,160.0,360.0,LP001357,Y,,Urban,No
3052,1030.0,1.0,1,Graduate,Male,100.0,360.0,LP001367,Y,Yes,Urban,No
11417,1126.0,1.0,2,Graduate,Male,225.0,360.0,LP001369,Y,Yes,Urban,No
7333,0.0,1.0,0,Not Graduate,Male,120.0,360.0,LP001370,N,No,Rural,
3800,3600.0,0.0,2,Graduate,Male,216.0,360.0,LP001379,N,Yes,Urban,No
2071,754.0,1.0,3+,Not Graduate,Male,94.0,480.0,LP001384,Y,Yes,Semiurban,No
5316,0.0,1.0,0,Graduate,Male,136.0,360.0,LP001385,Y,No,Urban,No
2929,2333.0,1.0,0,Graduate,Female,139.0,360.0,LP001387,Y,Yes,Semiurban,
3572,4114.0,0.0,0,Not Graduate,Male,152.0,,LP001391,N,Yes,Rural,No
7451,0.0,1.0,1,Graduate,Female,,360.0,LP001392,Y,No,Semiurban,Yes
5050,0.0,1.0,0,Graduate,Male,118.0,360.0,LP001398,Y,No,Semiurban,
14583,0.0,1.0,1,Graduate,Male,185.0,180.0,LP001401,Y,Yes,Rural,No
3167,2283.0,1.0,0,Graduate,Female,154.0,360.0,LP001404,Y,Yes,Semiurban,No
2214,1398.0,,1,Graduate,Male,85.0,360.0,LP001405,Y,Yes,Urban,No
5568,2142.0,1.0,0,Graduate,Male,175.0,360.0,LP001421,N,Yes,Rural,No
10408,0.0,1.0,0,Graduate,Female,259.0,360.0,LP001422,Y,No,Urban,No
5667,2667.0,1.0,,Graduate,Male,180.0,360.0,LP001426,Y,Yes,Rural,No
4166,0.0,1.0,0,Graduate,Female,44.0,360.0,LP001430,Y,No,Semiurban,No
2137,8980.0,0.0,0,Graduate,Female,137.0,360.0,LP001431,Y,No,Semiurban,No
2957,0.0,1.0,2,Graduate,Male,81.0,360.0,LP001432,Y,Yes,Semiurban,No
4300,2014.0,1.0,0,Not Graduate,Male,194.0,360.0,LP001439,Y,Yes,Rural,No
3692,0.0,,0,Graduate,Female,93.0,360.0,LP001443,Y,No,Rural,No
23803,0.0,1.0,3+,Graduate,,370.0,360.0,LP001448,Y,Yes,Rural,No
3865,1640.0,1.0,0,Graduate,Male,,360.0,LP001449,Y,No,Rural,No
10513,3850.0,0.0,1,Graduate,Male,160.0,180.0,LP001451,N,Yes,Urban,Yes
6080,2569.0,,0,Graduate,Male,182.0,360.0,LP001465,N,Yes,Rural,No
20166,0.0,,0,Graduate,Male,650.0,480.0,LP001469,Y,No,Urban,Yes
2014,1929.0,1.0,0,Graduate,Male,74.0,360.0,LP001473,Y,No,Urban,No
2718,0.0,1.0,0,Graduate,Male,70.0,360.0,LP001478,Y,No,Semiurban,No
3459,0.0,1.0,0,Graduate,Male,25.0,120.0,LP001482,Y,Yes,Semiurban,Yes
4895,0.0,1.0,0,Graduate,Male,102.0,360.0,LP001487,Y,No,Semiurban,No
4000,7750.0,1.0,3+,Graduate,Male,290.0,360.0,LP001488,N,Yes,Semiurban,No
4583,0.0,1.0,0,Graduate,Female,84.0,360.0,LP001489,N,Yes,Rural,No
3316,3500.0,1.0,2,Graduate,Male,88.0,360.0,LP001491,Y,Yes,Urban,Yes
14999,0.0,0.0,0,Graduate,Male,242.0,360.0,LP001492,N,No,Semiurban,No
4200,1430.0,1.0,2,Not Graduate,Male,129.0,360.0,LP001493,N,Yes,Rural,No
5042,2083.0,1.0,2,Graduate,Male,185.0,360.0,LP001497,N,Yes,Rural,No
5417,0.0,1.0,0,Graduate,Male,168.0,360.0,LP001498,Y,No,Urban,No
6950,0.0,1.0,0,Graduate,Male,175.0,180.0,LP001504,Y,No,Semiurban,Yes
2698,2034.0,1.0,0,Graduate,Male,122.0,360.0,LP001507,Y,Yes,Semiurban,No
11757,0.0,1.0,2,Graduate,Male,187.0,180.0,LP001508,Y,Yes,Urban,No
2330,4486.0,1.0,0,Graduate,Female,100.0,360.0,LP001514,Y,Yes,Semiurban,No
14866,0.0,1.0,2,Graduate,Female,70.0,360.0,LP001516,Y,Yes,Urban,No
1538,1425.0,1.0,1,Graduate,Male,30.0,360.0,LP001518,Y,Yes,Urban,No
10000,1666.0,1.0,0,Graduate,Female,225.0,360.0,LP001519,N,No,Rural,No
4860,830.0,1.0,0,Graduate,Male,125.0,360.0,LP001520,Y,Yes,Semiurban,No
6277,0.0,0.0,0,Graduate,Male,118.0,360.0,LP001528,N,No,Rural,No
2577,3750.0,1.0,0,Graduate,Male,152.0,360.0,LP001529,Y,Yes,Rural,Yes
9166,0.0,1.0,0,Graduate,Male,244.0,360.0,LP001531,N,No,Urban,No
2281,0.0,1.0,2,Not Graduate,Male,113.0,360.0,LP001532,N,Yes,Rural,No
3254,0.0,1.0,0,Graduate,Male,50.0,360.0,LP001535,Y,No,Urban,No
39999,0.0,0.0,3+,Graduate,Male,600.0,180.0,LP001536,Y,Yes,Semiurban,No
6000,0.0,,1,Graduate,Male,160.0,360.0,LP001541,Y,Yes,Rural,No
9538,0.0,1.0,1,Graduate,Male,187.0,360.0,LP001543,Y,Yes,Urban,No
2980,2083.0,1.0,0,Graduate,Male,120.0,360.0,LP001546,Y,No,Rural,
4583,5625.0,1.0,0,Graduate,Male,255.0,360.0,LP001552,Y,Yes,Semiurban,No
1863,1041.0,1.0,0,Not Graduate,Male,98.0,360.0,LP001560,Y,Yes,Semiurban,No
7933,0.0,1.0,0,Graduate,Male,275.0,360.0,LP001562,N,Yes,Urban,No
3089,1280.0,0.0,1,Graduate,Male,121.0,360.0,LP001565,N,Yes,Semiurban,No
4167,1447.0,1.0,2,Graduate,Male,158.0,360.0,LP001570,Y,Yes,Rural,No
9323,0.0,1.0,0,Graduate,Male,75.0,180.0,LP001572,Y,Yes,Urban,No
3707,3166.0,1.0,0,Graduate,Male,182.0,,LP001574,Y,Yes,Rural,No
4583,0.0,1.0,0,Graduate,Female,112.0,360.0,LP001577,N,Yes,Rural,No
2439,3333.0,1.0,0,Graduate,Male,129.0,360.0,LP001578,Y,Yes,Rural,No
2237,0.0,0.0,0,Graduate,Male,63.0,480.0,LP001579,N,No,Semiurban,No
8000,0.0,1.0,2,Graduate,Male,200.0,360.0,LP001580,Y,Yes,Semiurban,No
1820,1769.0,1.0,0,Not Graduate,Male,95.0,360.0,LP001581,Y,Yes,Rural,
51763,0.0,1.0,3+,Graduate,,700.0,300.0,LP001585,Y,Yes,Urban,No
3522,0.0,1.0,3+,Not Graduate,Male,81.0,180.0,LP001586,N,Yes,Rural,No
5708,5625.0,1.0,0,Graduate,Male,187.0,360.0,LP001594,Y,Yes,Semiurban,No
4344,736.0,1.0,0,Not Graduate,Male,87.0,360.0,LP001603,N,Yes,Semiurban,Yes
3497,1964.0,1.0,0,Graduate,Male,116.0,360.0,LP001606,Y,Yes,Rural,No
2045,1619.0,1.0,2,Graduate,Male,101.0,360.0,LP001608,Y,Yes,Rural,No
5516,11300.0,0.0,3+,Graduate,Male,495.0,360.0,LP001610,N,Yes,Semiurban,No
3750,0.0,1.0,1,Graduate,Male,116.0,360.0,LP001616,Y,Yes,Semiurban,No
2333,1451.0,0.0,0,Not Graduate,Male,102.0,480.0,LP001630,N,No,Urban,No
6400,7250.0,0.0,1,Graduate,Male,180.0,360.0,LP001633,N,Yes,Urban,No
1916,5063.0,,0,Graduate,Male,67.0,360.0,LP001634,N,No,Rural,No
4600,0.0,1.0,0,Graduate,Male,73.0,180.0,LP001636,Y,Yes,Semiurban,No
33846,0.0,1.0,1,Graduate,Male,260.0,360.0,LP001637,N,Yes,Semiurban,No
3625,0.0,1.0,0,Graduate,Female,108.0,360.0,LP001639,Y,Yes,Semiurban,No
39147,4750.0,1.0,0,Graduate,Male,120.0,360.0,LP001640,Y,Yes,Semiurban,Yes
2178,0.0,0.0,1,Graduate,Male,66.0,300.0,LP001641,N,Yes,Rural,Yes
2383,2138.0,,0,Graduate,Male,58.0,360.0,LP001643,Y,Yes,Rural,No
674,5296.0,1.0,0,Graduate,,168.0,360.0,LP001644,Y,Yes,Rural,Yes
9328,0.0,1.0,0,Graduate,Male,188.0,180.0,LP001647,Y,Yes,Rural,No
4885,0.0,1.0,0,Not Graduate,Male,48.0,360.0,LP001653,Y,No,Rural,No
12000,0.0,1.0,0,Graduate,Male,164.0,360.0,LP001656,N,No,Semiurban,No
6033,0.0,1.0,0,Not Graduate,Male,160.0,360.0,LP001657,N,Yes,Urban,No
3858,0.0,1.0,0,Graduate,Male,76.0,360.0,LP001658,Y,No,Semiurban,No
4191,0.0,1.0,0,Graduate,Male,120.0,360.0,LP001664,Y,No,Rural,No
3125,2583.0,1.0,1,Graduate,Male,170.0,360.0,LP001665,N,Yes,Semiurban,No
8333,3750.0,1.0,0,Graduate,Male,187.0,360.0,LP001666,Y,No,Rural,No
1907,2365.0,1.0,0,Not Graduate,Female,120.0,,LP001669,Y,No,Urban,No
3416,2816.0,,0,Graduate,Female,113.0,360.0,LP001671,Y,Yes,Semiurban,No
11000,0.0,1.0,0,Graduate,Male,83.0,360.0,LP001673,N,No,Urban,Yes
2600,2500.0,1.0,1,Not Graduate,Male,90.0,360.0,LP001674,Y,Yes,Semiurban,No
4923,0.0,0.0,2,Graduate,Male,166.0,360.0,LP001677,Y,No,Semiurban,No
3992,0.0,1.0,3+,Not Graduate,Male,,180.0,LP001682,N,Yes,Urban,No
3500,1083.0,1.0,1,Not Graduate,Male,135.0,360.0,LP001688,Y,Yes,Urban,No
3917,0.0,1.0,2,Not Graduate,Male,124.0,360.0,LP001691,Y,Yes,Semiurban,No
4408,0.0,1.0,0,Not Graduate,Female,120.0,360.0,LP001692,Y,No,Semiurban,No
3244,0.0,1.0,0,Graduate,Female,80.0,360.0,LP001693,Y,No,Urban,No
3975,2531.0,1.0,0,Not Graduate,Male,55.0,360.0,LP001698,Y,No,Rural,No
2479,0.0,1.0,0,Graduate,Male,59.0,360.0,LP001699,Y,No,Urban,No
3418,0.0,1.0,0,Graduate,Male,127.0,360.0,LP001702,N,No,Semiurban,No
10000,0.0,1.0,0,Graduate,Female,214.0,360.0,LP001708,N,No,Semiurban,No
3430,1250.0,0.0,3+,Graduate,Male,128.0,360.0,LP001711,N,Yes,Semiurban,No
7787,0.0,1.0,1,Graduate,Male,240.0,360.0,LP001713,Y,Yes,Urban,Yes
5703,0.0,1.0,3+,Not Graduate,Male,130.0,360.0,LP001715,Y,Yes,Rural,Yes
3173,3021.0,1.0,0,Graduate,Male,137.0,360.0,LP001716,Y,Yes,Urban,No
3850,983.0,1.0,3+,Not Graduate,Male,100.0,360.0,LP001720,Y,Yes,Semiurban,No
150,1800.0,1.0,0,Graduate,Male,135.0,360.0,LP001722,N,Yes,Rural,No
3727,1775.0,1.0,0,Graduate,Male,131.0,360.0,LP001726,Y,Yes,Semiurban,No
5000,0.0,0.0,2,Graduate,Male,72.0,360.0,LP001732,N,Yes,Semiurban,
4283,2383.0,,2,Graduate,Female,127.0,360.0,LP001734,Y,Yes,Semiurban,No
2221,0.0,0.0,0,Graduate,Male,60.0,360.0,LP001736,N,Yes,Urban,No
4009,1717.0,1.0,2,Graduate,Male,116.0,360.0,LP001743,Y,Yes,Semiurban,No
2971,2791.0,1.0,0,Graduate,Male,144.0,360.0,LP001744,Y,No,Semiurban,No
7578,1010.0,1.0,0,Graduate,Male,175.0,,LP001749,Y,Yes,Semiurban,No
6250,0.0,1.0,0,Graduate,Male,128.0,360.0,LP001750,Y,Yes,Semiurban,No
3250,0.0,1.0,0,Graduate,Male,170.0,360.0,LP001751,N,Yes,Rural,No
4735,0.0,1.0,,Not Graduate,Male,138.0,360.0,LP001754,N,Yes,Urban,Yes
6250,1695.0,1.0,2,Graduate,Male,210.0,360.0,LP001758,Y,Yes,Semiurban,No
4758,0.0,1.0,,Graduate,Male,158.0,480.0,LP001760,Y,,Semiurban,No
6400,0.0,1.0,0,Graduate,Male,200.0,360.0,LP001761,Y,No,Rural,Yes
2491,2054.0,1.0,1,Graduate,Male,104.0,360.0,LP001765,Y,Yes,Semiurban,No
3716,0.0,1.0,0,Graduate,Male,42.0,180.0,LP001768,Y,Yes,Rural,
3189,2598.0,1.0,0,Not Graduate,Male,120.0,,LP001770,Y,No,Rural,No
8333,0.0,1.0,0,Graduate,Female,280.0,360.0,LP001776,Y,No,Semiurban,No
3155,1779.0,1.0,1,Graduate,Male,140.0,360.0,LP001778,Y,Yes,Semiurban,No
5500,1260.0,1.0,1,Graduate,Male,170.0,360.0,LP001784,Y,Yes,Rural,No
5746,0.0,,0,Graduate,Male,255.0,360.0,LP001786,N,Yes,Urban,
3463,0.0,,0,Graduate,Female,122.0,360.0,LP001788,Y,No,Urban,Yes
3812,0.0,1.0,1,Graduate,Female,112.0,360.0,LP001790,Y,No,Rural,No
3315,0.0,1.0,1,Graduate,Male,96.0,360.0,LP001792,Y,Yes,Semiurban,No
5819,5000.0,1.0,2,Graduate,Male,120.0,360.0,LP001798,Y,Yes,Rural,No
2510,1983.0,1.0,1,Not Graduate,Male,140.0,180.0,LP001800,N,Yes,Urban,No
2965,5701.0,1.0,0,Graduate,Male,155.0,60.0,LP001806,Y,No,Urban,No
6250,1300.0,1.0,2,Graduate,Male,108.0,360.0,LP001807,Y,Yes,Rural,Yes
3406,4417.0,1.0,0,Not Graduate,Male,123.0,360.0,LP001811,Y,Yes,Semiurban,No
6050,4333.0,1.0,0,Graduate,Male,120.0,180.0,LP001813,N,No,Urban,Yes
9703,0.0,1.0,2,Graduate,Male,112.0,360.0,LP001814,Y,Yes,Urban,No
6608,0.0,1.0,1,Not Graduate,Male,137.0,180.0,LP001819,Y,Yes,Urban,No
2882,1843.0,1.0,1,Graduate,Male,123.0,480.0,LP001824,Y,Yes,Semiurban,No
1809,1868.0,1.0,0,Graduate,Male,90.0,360.0,LP001825,Y,Yes,Urban,No
1668,3890.0,0.0,0,Not Graduate,Male,201.0,360.0,LP001835,N,Yes,Semiurban,No
3427,0.0,1.0,2,Graduate,Female,138.0,360.0,LP001836,N,No,Urban,No
2583,2167.0,1.0,0,Not Graduate,Male,104.0,360.0,LP001841,Y,No,Rural,Yes
2661,7101.0,1.0,1,Not Graduate,Male,279.0,180.0,LP001843,Y,Yes,Semiurban,No
16250,0.0,0.0,0,Graduate,Male,192.0,360.0,LP001844,N,No,Urban,Yes
3083,0.0,1.0,3+,Graduate,Female,255.0,360.0,LP001846,Y,No,Rural,No
6045,0.0,0.0,0,Not Graduate,Male,115.0,360.0,LP001849,N,No,Rural,No
5250,0.0,1.0,3+,Graduate,Male,94.0,360.0,LP001854,N,Yes,Urban,No
14683,2100.0,1.0,0,Graduate,Male,304.0,360.0,LP001859,N,Yes,Rural,No
4931,0.0,,3+,Not Graduate,Male,128.0,360.0,LP001864,N,Yes,Semiurban,No
6083,4250.0,,1,Graduate,Male,330.0,360.0,LP001865,Y,Yes,Urban,No
2060,2209.0,1.0,0,Graduate,Male,134.0,360.0,LP001868,Y,No,Semiurban,No
3481,0.0,1.0,1,Graduate,Female,155.0,36.0,LP001870,N,No,Semiurban,No
7200,0.0,1.0,0,Graduate,Female,120.0,360.0,LP001871,Y,No,Rural,No
5166,0.0,1.0,0,Graduate,Male,128.0,360.0,LP001872,Y,No,Semiurban,Yes
4095,3447.0,1.0,0,Graduate,Male,151.0,360.0,LP001875,Y,No,Rural,No
4708,1387.0,1.0,2,Graduate,Male,150.0,360.0,LP001877,Y,Yes,Semiurban,No
4333,1811.0,0.0,3+,Graduate,Male,160.0,360.0,LP001882,Y,Yes,Urban,No
3418,0.0,1.0,0,Graduate,Female,135.0,360.0,LP001883,N,No,Rural,
2876,1560.0,1.0,1,Graduate,Female,90.0,360.0,LP001884,Y,No,Urban,No
3237,0.0,1.0,0,Graduate,Female,30.0,360.0,LP001888,Y,No,Urban,No
11146,0.0,1.0,0,Graduate,Male,136.0,360.0,LP001891,Y,Yes,Urban,No
2833,1857.0,1.0,0,Graduate,Male,126.0,360.0,LP001892,Y,No,Rural,No
2620,2223.0,1.0,0,Graduate,Male,150.0,360.0,LP001894,Y,Yes,Semiurban,No
3900,0.0,1.0,2,Graduate,Male,90.0,360.0,LP001896,Y,Yes,Semiurban,No
2750,1842.0,1.0,1,Graduate,Male,115.0,360.0,LP001900,Y,Yes,Semiurban,No
3993,3274.0,1.0,0,Graduate,Male,207.0,360.0,LP001903,Y,Yes,Semiurban,No
3103,1300.0,1.0,0,Graduate,Male,80.0,360.0,LP001904,Y,Yes,Urban,No
14583,0.0,1.0,0,Graduate,Male,436.0,360.0,LP001907,Y,Yes,Semiurban,No
4100,0.0,,0,Not Graduate,Female,124.0,360.0,LP001908,Y,Yes,Rural,No
4053,2426.0,0.0,1,Not Graduate,Male,158.0,360.0,LP001910,N,No,Urban,Yes
3927,800.0,1.0,0,Graduate,Male,112.0,360.0,LP001914,Y,Yes,Semiurban,No
2301,985.7999877999998,1.0,2,Graduate,Male,78.0,180.0,LP001915,Y,Yes,Urban,No
1811,1666.0,1.0,0,Graduate,Female,54.0,360.0,LP001917,Y,No,Urban,No
20667,0.0,1.0,0,Graduate,Male,,360.0,LP001922,N,Yes,Rural,No
3158,3053.0,1.0,0,Graduate,Male,89.0,360.0,LP001924,Y,No,Rural,No
2600,1717.0,1.0,0,Graduate,Female,99.0,300.0,LP001925,N,No,Semiurban,Yes
3704,2000.0,1.0,0,Graduate,Male,120.0,360.0,LP001926,Y,Yes,Rural,No
4124,0.0,1.0,0,Graduate,Female,115.0,360.0,LP001931,Y,No,Semiurban,No
9508,0.0,1.0,0,Graduate,Male,187.0,360.0,LP001935,Y,No,Rural,No
3075,2416.0,1.0,0,Graduate,Male,139.0,360.0,LP001936,Y,Yes,Rural,No
4400,0.0,0.0,2,Graduate,Male,127.0,360.0,LP001938,N,Yes,Semiurban,No
3153,1560.0,1.0,2,Graduate,Male,134.0,360.0,LP001940,Y,Yes,Urban,No
5417,0.0,0.0,,Graduate,Female,143.0,480.0,LP001945,N,No,Urban,No
2383,3334.0,1.0,0,Graduate,Male,172.0,360.0,LP001947,Y,Yes,Semiurban,No
4416,1250.0,1.0,3+,Graduate,Male,110.0,360.0,LP001949,Y,Yes,Urban,
6875,0.0,1.0,1,Graduate,Male,200.0,360.0,LP001953,Y,Yes,Semiurban,No
4666,0.0,1.0,1,Graduate,Female,135.0,360.0,LP001954,Y,Yes,Urban,No
5000,2541.0,1.0,0,Graduate,Female,151.0,480.0,LP001955,N,No,Rural,No
2014,2925.0,1.0,1,Graduate,Male,113.0,360.0,LP001963,N,Yes,Urban,No
1800,2934.0,0.0,0,Not Graduate,Male,93.0,360.0,LP001964,N,Yes,Urban,No
2875,1750.0,1.0,,Not Graduate,Male,105.0,360.0,LP001972,Y,Yes,Semiurban,No
5000,0.0,1.0,0,Graduate,Female,132.0,360.0,LP001974,Y,No,Rural,No
1625,1803.0,1.0,1,Graduate,Male,96.0,360.0,LP001977,Y,Yes,Urban,No
4000,2500.0,1.0,0,Graduate,Male,140.0,360.0,LP001978,Y,No,Rural,No
2000,0.0,1.0,0,Not Graduate,Male,,360.0,LP001990,N,No,Urban,No
3762,1666.0,1.0,0,Graduate,Female,135.0,360.0,LP001993,Y,No,Rural,No
2400,1863.0,0.0,0,Graduate,Female,104.0,360.0,LP001994,N,No,Urban,No
20233,0.0,1.0,0,Graduate,Male,480.0,360.0,LP001996,N,No,Rural,No
7667,0.0,,2,Not Graduate,Male,185.0,360.0,LP001998,Y,Yes,Rural,No
2917,0.0,1.0,0,Graduate,Female,84.0,360.0,LP002002,Y,No,Semiurban,No
2927,2405.0,1.0,0,Not Graduate,Male,111.0,360.0,LP002004,Y,No,Semiurban,No
2507,0.0,1.0,0,Graduate,Female,56.0,360.0,LP002006,Y,No,Rural,No
5746,0.0,,2,Graduate,Male,144.0,84.0,LP002008,Y,Yes,Rural,Yes
2473,1843.0,1.0,0,Graduate,,159.0,360.0,LP002024,N,Yes,Rural,No
3399,1640.0,1.0,1,Not Graduate,Male,111.0,180.0,LP002031,Y,Yes,Urban,No
3717,0.0,1.0,2,Graduate,Male,120.0,360.0,LP002035,Y,Yes,Semiurban,No
2058,2134.0,,0,Graduate,Male,88.0,360.0,LP002036,Y,Yes,Urban,No
3541,0.0,,1,Graduate,Female,112.0,360.0,LP002043,Y,No,Semiurban,No
10000,0.0,1.0,1,Graduate,Male,155.0,360.0,LP002050,N,Yes,Rural,Yes
2400,2167.0,1.0,0,Graduate,Male,115.0,360.0,LP002051,Y,Yes,Semiurban,No
4342,189.0,1.0,3+,Graduate,Male,124.0,360.0,LP002053,Y,Yes,Semiurban,No
3601,1590.0,1.0,2,Not Graduate,Male,,360.0,LP002054,Y,Yes,Rural,No
3166,2985.0,,0,Graduate,Female,132.0,360.0,LP002055,Y,No,Rural,No
15000,0.0,1.0,3+,Graduate,Male,300.0,360.0,LP002065,Y,Yes,Rural,No
8666,4983.0,0.0,1,Graduate,Male,376.0,360.0,LP002067,N,Yes,Rural,Yes
4917,0.0,0.0,0,Graduate,Male,130.0,360.0,LP002068,Y,No,Rural,No
5818,2160.0,1.0,0,Graduate,Male,184.0,360.0,LP002082,Y,Yes,Semiurban,Yes
4333,2451.0,1.0,0,Graduate,Female,110.0,360.0,LP002086,N,Yes,Urban,No
2500,0.0,1.0,0,Graduate,Female,67.0,360.0,LP002087,Y,No,Urban,No
4384,1793.0,1.0,1,Graduate,Male,117.0,360.0,LP002097,Y,No,Urban,No
2935,0.0,1.0,0,Graduate,Male,98.0,360.0,LP002098,Y,No,Semiurban,No
2833,0.0,1.0,,Graduate,Male,71.0,360.0,LP002100,Y,No,Urban,No
63337,0.0,1.0,0,Graduate,Male,490.0,180.0,LP002101,Y,Yes,Urban,
9833,1833.0,1.0,1,Graduate,,182.0,180.0,LP002103,Y,Yes,Urban,Yes
5503,4490.0,1.0,,Graduate,Male,70.0,,LP002106,Y,Yes,Semiurban,Yes
5250,688.0,1.0,1,Graduate,Male,160.0,360.0,LP002110,Y,Yes,Rural,
2500,4600.0,1.0,2,Graduate,Male,176.0,360.0,LP002112,Y,Yes,Rural,Yes
1830,0.0,0.0,3+,Not Graduate,Female,,360.0,LP002113,N,No,Urban,No
4160,0.0,1.0,0,Graduate,Female,71.0,360.0,LP002114,Y,No,Semiurban,No
2647,1587.0,1.0,3+,Not Graduate,Male,173.0,360.0,LP002115,N,Yes,Rural,No
2378,0.0,1.0,0,Graduate,Female,46.0,360.0,LP002116,N,No,Rural,No
4554,1229.0,1.0,1,Not Graduate,Male,158.0,360.0,LP002119,Y,Yes,Urban,No
3173,0.0,1.0,3+,Not Graduate,Male,74.0,360.0,LP002126,Y,Yes,Semiurban,No
2583,2330.0,1.0,2,Graduate,Male,125.0,360.0,LP002128,Y,Yes,Rural,
2499,2458.0,1.0,0,Graduate,Male,160.0,360.0,LP002129,Y,Yes,Semiurban,No
3523,3230.0,0.0,,Not Graduate,Male,152.0,360.0,LP002130,N,Yes,Rural,No
3083,2168.0,1.0,2,Not Graduate,Male,126.0,360.0,LP002131,Y,Yes,Urban,No
6333,4583.0,,0,Graduate,Male,259.0,360.0,LP002137,Y,Yes,Semiurban,No
2625,6250.0,1.0,0,Graduate,Male,187.0,360.0,LP002138,Y,Yes,Rural,No
9083,0.0,1.0,0,Graduate,Male,228.0,360.0,LP002139,Y,Yes,Semiurban,No
8750,4167.0,1.0,0,Graduate,Male,308.0,360.0,LP002140,N,No,Rural,No
2666,2083.0,1.0,3+,Graduate,Male,95.0,360.0,LP002141,Y,Yes,Rural,No
5500,0.0,0.0,0,Graduate,Female,105.0,360.0,LP002142,N,Yes,Rural,Yes
2423,505.0,1.0,0,Graduate,Female,130.0,360.0,LP002143,Y,Yes,Semiurban,No
3813,0.0,1.0,,Graduate,Female,116.0,180.0,LP002144,Y,No,Urban,No
8333,3167.0,1.0,2,Graduate,Male,165.0,360.0,LP002149,Y,Yes,Rural,No
3875,0.0,1.0,1,Graduate,Male,67.0,360.0,LP002151,N,Yes,Urban,No
3000,1666.0,0.0,0,Not Graduate,Male,100.0,480.0,LP002158,N,Yes,Urban,No
5167,3167.0,1.0,3+,Graduate,Male,200.0,360.0,LP002160,Y,Yes,Semiurban,No
4723,0.0,1.0,1,Graduate,Female,81.0,360.0,LP002161,N,No,Semiurban,No
5000,3667.0,1.0,2,Graduate,Male,236.0,360.0,LP002170,Y,Yes,Semiurban,No
4750,2333.0,1.0,0,Graduate,Male,130.0,360.0,LP002175,Y,Yes,Urban,No
3013,3033.0,,0,Graduate,Male,95.0,300.0,LP002178,Y,Yes,Urban,No
6822,0.0,1.0,0,Graduate,Male,141.0,360.0,LP002180,Y,No,Rural,Yes
6216,0.0,1.0,0,Not Graduate,Male,133.0,360.0,LP002181,N,No,Rural,No
2500,0.0,1.0,0,Graduate,Male,96.0,480.0,LP002187,N,No,Semiurban,No
5124,0.0,0.0,0,Graduate,Male,124.0,,LP002188,N,No,Rural,No
6325,0.0,1.0,1,Graduate,Male,175.0,360.0,LP002190,Y,Yes,Semiurban,No
19730,5266.0,1.0,0,Graduate,Male,570.0,360.0,LP002191,N,Yes,Rural,No
15759,0.0,1.0,0,Graduate,Female,55.0,360.0,LP002194,Y,No,Semiurban,Yes
5185,0.0,1.0,2,Graduate,Male,155.0,360.0,LP002197,Y,Yes,Semiurban,No
9323,7873.0,1.0,2,Graduate,Male,380.0,300.0,LP002201,Y,Yes,Rural,Yes
3062,1987.0,0.0,1,Graduate,Male,111.0,180.0,LP002205,N,No,Urban,No
2764,1459.0,1.0,0,Graduate,Female,110.0,360.0,LP002209,Y,No,Urban,
4817,923.0,1.0,0,Graduate,Male,120.0,180.0,LP002211,Y,Yes,Urban,No
8750,4996.0,1.0,3+,Graduate,Male,130.0,360.0,LP002219,Y,Yes,Rural,No
4310,0.0,,0,Graduate,Male,130.0,360.0,LP002223,Y,Yes,Semiurban,No
3069,0.0,1.0,0,Graduate,Male,71.0,480.0,LP002224,N,No,Urban,No
5391,0.0,1.0,2,Graduate,Male,130.0,360.0,LP002225,Y,Yes,Urban,No
3333,2500.0,1.0,0,Graduate,Male,128.0,360.0,LP002226,Y,Yes,Semiurban,
5941,4232.0,1.0,0,Graduate,Male,296.0,360.0,LP002229,Y,No,Semiurban,No
6000,0.0,1.0,0,Graduate,Female,156.0,360.0,LP002231,Y,No,Urban,No
7167,0.0,1.0,0,Graduate,Male,128.0,360.0,LP002234,Y,No,Urban,Yes
4566,0.0,1.0,2,Graduate,Male,100.0,360.0,LP002236,N,Yes,Urban,No
3667,0.0,1.0,1,Graduate,Male,113.0,180.0,LP002237,Y,No,Urban,
2346,1600.0,1.0,0,Not Graduate,Male,132.0,360.0,LP002239,Y,No,Semiurban,No
3010,3136.0,0.0,0,Not Graduate,Male,,360.0,LP002243,N,Yes,Urban,No
2333,2417.0,1.0,0,Graduate,Male,136.0,360.0,LP002244,Y,Yes,Urban,No
5488,0.0,1.0,0,Graduate,Male,125.0,360.0,LP002250,Y,Yes,Rural,No
9167,0.0,1.0,3+,Graduate,Male,185.0,360.0,LP002255,Y,No,Rural,No
9504,0.0,1.0,3+,Graduate,Male,275.0,360.0,LP002262,Y,Yes,Rural,No
2583,2115.0,,0,Graduate,Male,120.0,360.0,LP002263,Y,Yes,Urban,No
1993,1625.0,1.0,2,Not Graduate,Male,113.0,180.0,LP002265,Y,Yes,Semiurban,No
3100,1400.0,1.0,2,Graduate,Male,113.0,360.0,LP002266,Y,Yes,Urban,No
3276,484.0,,2,Graduate,Male,135.0,360.0,LP002272,Y,Yes,Semiurban,No
3180,0.0,0.0,0,Graduate,Female,71.0,360.0,LP002277,N,No,Urban,No
3033,1459.0,1.0,0,Graduate,Male,95.0,360.0,LP002281,Y,Yes,Urban,No
3902,1666.0,1.0,0,Not Graduate,Male,109.0,360.0,LP002284,Y,No,Rural,No
1500,1800.0,0.0,0,Graduate,Female,103.0,360.0,LP002287,N,No,Semiurban,No
2889,0.0,0.0,2,Not Graduate,Male,45.0,180.0,LP002288,N,Yes,Urban,No
2755,0.0,1.0,0,Not Graduate,Male,65.0,300.0,LP002296,N,No,Rural,No
2500,20000.0,1.0,0,Graduate,Male,103.0,360.0,LP002297,Y,No,Semiurban,No
1963,0.0,1.0,0,Not Graduate,Female,53.0,360.0,LP002300,Y,No,Semiurban,No
7441,0.0,1.0,0,Graduate,Female,194.0,360.0,LP002301,N,No,Rural,Yes
4547,0.0,1.0,0,Graduate,Female,115.0,360.0,LP002305,Y,No,Semiurban,No
2167,2400.0,1.0,0,Not Graduate,Male,115.0,360.0,LP002308,Y,Yes,Urban,No
2213,0.0,1.0,0,Not Graduate,Female,66.0,360.0,LP002314,Y,No,Rural,No
8300,0.0,0.0,1,Graduate,Male,152.0,300.0,LP002315,N,Yes,Semiurban,No
81000,0.0,0.0,3+,Graduate,Male,360.0,360.0,LP002317,N,Yes,Rural,No
3867,0.0,1.0,1,Not Graduate,Female,62.0,360.0,LP002318,N,No,Semiurban,Yes
6256,0.0,,0,Graduate,Male,160.0,360.0,LP002319,Y,Yes,Urban,
6096,0.0,0.0,0,Not Graduate,Male,218.0,360.0,LP002328,N,Yes,Rural,No
2253,2033.0,1.0,0,Not Graduate,Male,110.0,360.0,LP002332,Y,Yes,Rural,No
2149,3237.0,0.0,0,Not Graduate,Female,178.0,360.0,LP002335,N,Yes,Semiurban,No
2995,0.0,1.0,0,Graduate,Female,60.0,360.0,LP002337,Y,No,Urban,No
2600,0.0,1.0,1,Graduate,Female,160.0,360.0,LP002341,N,No,Urban,No
1600,20000.0,1.0,2,Graduate,Male,239.0,360.0,LP002342,N,Yes,Urban,Yes
1025,2773.0,1.0,0,Graduate,Male,112.0,360.0,LP002345,Y,Yes,Rural,No
3246,1417.0,1.0,0,Graduate,Male,138.0,360.0,LP002347,Y,Yes,Semiurban,No
5829,0.0,1.0,0,Graduate,Male,138.0,360.0,LP002348,Y,Yes,Rural,No
2720,0.0,0.0,0,Not Graduate,Female,80.0,,LP002357,N,No,Urban,No
1820,1719.0,1.0,0,Graduate,Male,100.0,360.0,LP002361,Y,Yes,Urban,No
7250,1667.0,0.0,1,Graduate,Male,110.0,,LP002362,N,Yes,Urban,No
14880,0.0,1.0,0,Graduate,Male,96.0,360.0,LP002364,Y,Yes,Semiurban,No
2666,4300.0,1.0,0,Graduate,Male,121.0,360.0,LP002366,Y,Yes,Rural,No
4606,0.0,1.0,1,Not Graduate,Female,81.0,360.0,LP002367,N,No,Rural,No
5935,0.0,1.0,2,Graduate,Male,133.0,360.0,LP002368,Y,Yes,Semiurban,No
2920,16.12000084,1.0,0,Graduate,Male,87.0,360.0,LP002369,Y,Yes,Rural,No
2717,0.0,1.0,0,Not Graduate,Male,60.0,180.0,LP002370,Y,No,Urban,No
8624,0.0,1.0,1,Graduate,Female,150.0,360.0,LP002377,Y,No,Semiurban,Yes
6500,0.0,0.0,0,Graduate,Male,105.0,360.0,LP002379,N,No,Rural,No
12876,0.0,1.0,0,Graduate,Male,405.0,360.0,LP002386,Y,No,Semiurban,
2425,2340.0,1.0,0,Graduate,Male,143.0,360.0,LP002387,Y,Yes,Semiurban,No
3750,0.0,1.0,0,Graduate,Male,100.0,360.0,LP002390,Y,No,Urban,No
10047,0.0,1.0,,Graduate,Female,,240.0,LP002393,Y,,Semiurban,No
1926,1851.0,1.0,0,Graduate,Male,50.0,360.0,LP002398,Y,No,Semiurban,No
2213,1125.0,1.0,0,Graduate,Male,,360.0,LP002401,Y,Yes,Urban,No
10416,0.0,0.0,0,Graduate,Male,187.0,360.0,LP002403,N,No,Urban,Yes
7142,0.0,1.0,0,Not Graduate,Female,138.0,360.0,LP002407,Y,Yes,Rural,Yes
3660,5064.0,1.0,0,Graduate,Male,187.0,360.0,LP002408,Y,No,Semiurban,No
7901,1833.0,1.0,0,Graduate,Male,180.0,360.0,LP002409,Y,Yes,Rural,No
4707,1993.0,1.0,3+,Not Graduate,Male,148.0,360.0,LP002418,Y,No,Semiurban,No
37719,0.0,1.0,1,Graduate,Male,152.0,360.0,LP002422,Y,No,Semiurban,No
7333,8333.0,,0,Graduate,Male,175.0,300.0,LP002424,Y,Yes,Rural,No
3466,1210.0,1.0,1,Graduate,Male,130.0,360.0,LP002429,Y,Yes,Rural,Yes
4652,0.0,1.0,2,Not Graduate,Male,110.0,360.0,LP002434,Y,Yes,Rural,No
3539,1376.0,1.0,0,Graduate,Male,55.0,360.0,LP002435,N,Yes,Rural,
3340,1710.0,0.0,2,Graduate,Male,150.0,360.0,LP002443,N,Yes,Rural,No
2769,1542.0,,1,Not Graduate,Male,190.0,360.0,LP002444,N,No,Semiurban,Yes
2309,1255.0,0.0,2,Not Graduate,Male,125.0,360.0,LP002446,N,Yes,Rural,No
1958,1456.0,,2,Not Graduate,Male,60.0,300.0,LP002447,Y,Yes,Urban,No
3948,1733.0,0.0,0,Graduate,Male,149.0,360.0,LP002448,N,Yes,Rural,No
2483,2466.0,0.0,0,Graduate,Male,90.0,180.0,LP002449,Y,Yes,Rural,No
7085,0.0,1.0,0,Graduate,Male,84.0,360.0,LP002453,Y,No,Semiurban,Yes
3859,0.0,1.0,2,Graduate,Male,96.0,360.0,LP002455,Y,Yes,Semiurban,No
4301,0.0,1.0,0,Graduate,Male,118.0,360.0,LP002459,Y,Yes,Urban,No
3708,2569.0,1.0,0,Graduate,Male,173.0,360.0,LP002467,N,Yes,Urban,No
4354,0.0,1.0,2,Graduate,Male,136.0,360.0,LP002472,Y,No,Rural,No
8334,0.0,1.0,0,Graduate,Male,160.0,360.0,LP002473,N,Yes,Semiurban,No
2083,4083.0,,0,Graduate,,160.0,360.0,LP002478,Y,Yes,Semiurban,Yes
7740,0.0,1.0,3+,Graduate,Male,128.0,180.0,LP002484,Y,Yes,Urban,No
3015,2188.0,1.0,0,Graduate,Male,153.0,360.0,LP002487,Y,Yes,Rural,No
5191,0.0,1.0,1,Not Graduate,Female,132.0,360.0,LP002489,Y,No,Semiurban,
4166,0.0,0.0,0,Graduate,Male,98.0,360.0,LP002493,N,No,Semiurban,No
6000,0.0,1.0,0,Graduate,Male,140.0,360.0,LP002494,Y,No,Rural,No
2947,1664.0,0.0,3+,Not Graduate,Male,70.0,180.0,LP002500,N,Yes,Urban,No
16692,0.0,1.0,0,Graduate,,110.0,360.0,LP002501,Y,Yes,Semiurban,No
210,2917.0,1.0,2,Not Graduate,Female,98.0,360.0,LP002502,Y,Yes,Semiurban,
4333,2451.0,1.0,0,Graduate,Male,110.0,360.0,LP002505,N,Yes,Urban,No
3450,2079.0,1.0,1,Graduate,Male,162.0,360.0,LP002515,Y,Yes,Semiurban,Yes
2653,1500.0,0.0,1,Not Graduate,Male,113.0,180.0,LP002517,N,Yes,Rural,No
4691,0.0,1.0,3+,Graduate,Male,100.0,360.0,LP002519,Y,Yes,Semiurban,No
2500,0.0,,0,Graduate,Female,93.0,360.0,LP002522,Y,No,Urban,Yes
5532,4648.0,1.0,2,Graduate,Male,162.0,360.0,LP002524,Y,No,Rural,No
16525,1014.0,1.0,2,Graduate,Male,150.0,360.0,LP002527,Y,Yes,Rural,Yes
6700,1750.0,1.0,2,Graduate,Male,230.0,300.0,LP002529,Y,Yes,Semiurban,No
2873,1872.0,0.0,2,Graduate,,132.0,360.0,LP002530,N,Yes,Semiurban,No
16667,2250.0,1.0,1,Graduate,Male,86.0,360.0,LP002531,Y,Yes,Semiurban,Yes
2947,1603.0,1.0,2,Graduate,Male,,360.0,LP002533,N,Yes,Urban,No
4350,0.0,1.0,0,Not Graduate,Female,154.0,360.0,LP002534,Y,No,Rural,No
3095,0.0,1.0,3+,Not Graduate,Male,113.0,360.0,LP002536,Y,Yes,Rural,No
2083,3150.0,1.0,0,Graduate,Male,128.0,360.0,LP002537,Y,Yes,Semiurban,No
10833,0.0,1.0,0,Graduate,Male,234.0,360.0,LP002541,Y,Yes,Semiurban,No
8333,0.0,1.0,2,Graduate,Male,246.0,360.0,LP002543,Y,Yes,Semiurban,No
1958,2436.0,1.0,1,Not Graduate,Male,131.0,360.0,LP002544,Y,Yes,Rural,No
3547,0.0,0.0,2,Graduate,Male,80.0,360.0,LP002545,N,No,Rural,No
18333,0.0,1.0,1,Graduate,Male,500.0,360.0,LP002547,N,Yes,Urban,No
4583,2083.0,1.0,2,Graduate,Male,160.0,360.0,LP002555,Y,Yes,Semiurban,Yes
2435,0.0,1.0,0,Graduate,Male,75.0,360.0,LP002556,N,No,Urban,No
2699,2785.0,,0,Not Graduate,Male,96.0,360.0,LP002560,Y,No,Semiurban,No
5333,1131.0,,1,Not Graduate,Male,186.0,360.0,LP002562,Y,Yes,Urban,No
3691,0.0,1.0,0,Not Graduate,Male,110.0,360.0,LP002571,Y,No,Rural,No
17263,0.0,1.0,0,Not Graduate,Female,225.0,360.0,LP002582,Y,No,Semiurban,Yes
3597,2157.0,0.0,0,Graduate,Male,119.0,360.0,LP002585,N,Yes,Rural,No
3326,913.0,1.0,1,Graduate,Female,105.0,84.0,LP002586,Y,Yes,Semiurban,No
2600,1700.0,1.0,0,Not Graduate,Male,107.0,360.0,LP002587,Y,Yes,Rural,No
4625,2857.0,,0,Graduate,Male,111.0,12.0,LP002588,Y,Yes,Urban,No
2895,0.0,1.0,1,Graduate,Male,95.0,360.0,LP002600,Y,Yes,Semiurban,Yes
6283,4416.0,0.0,0,Graduate,Male,209.0,360.0,LP002602,N,No,Rural,No
645,3683.0,1.0,0,Graduate,Female,113.0,480.0,LP002603,Y,No,Rural,No
3159,0.0,1.0,0,Graduate,Female,100.0,360.0,LP002606,Y,No,Semiurban,No
4865,5624.0,1.0,2,Graduate,Male,208.0,360.0,LP002615,Y,Yes,Semiurban,No
4050,5302.0,,1,Not Graduate,Male,138.0,360.0,LP002618,N,Yes,Rural,No
3814,1483.0,1.0,0,Not Graduate,Male,124.0,300.0,LP002619,Y,Yes,Semiurban,No
3510,4416.0,1.0,2,Graduate,Male,243.0,360.0,LP002622,Y,Yes,Rural,No
20833,6667.0,,0,Graduate,Male,480.0,360.0,LP002624,Y,Yes,Urban,No
3583,0.0,1.0,0,Graduate,,96.0,360.0,LP002625,N,No,Urban,No
2479,3013.0,1.0,0,Graduate,Male,188.0,360.0,LP002626,Y,Yes,Urban,Yes
13262,0.0,1.0,1,Graduate,Female,40.0,360.0,LP002634,Y,No,Urban,No
3598,1287.0,1.0,0,Not Graduate,Male,100.0,360.0,LP002637,N,No,Rural,No
6065,2004.0,1.0,1,Graduate,Male,250.0,360.0,LP002640,Y,Yes,Semiurban,No
3283,2035.0,1.0,2,Graduate,Male,148.0,360.0,LP002643,Y,Yes,Urban,No
2130,6666.0,1.0,0,Graduate,Male,70.0,180.0,LP002648,N,Yes,Semiurban,No
5815,3666.0,1.0,0,Graduate,Male,311.0,360.0,LP002652,N,No,Rural,No
3466,3428.0,1.0,3+,Graduate,Male,150.0,360.0,LP002659,Y,Yes,Rural,No
2031,1632.0,1.0,2,Graduate,Female,113.0,480.0,LP002670,Y,Yes,Semiurban,No
3074,1800.0,0.0,,Not Graduate,Male,123.0,360.0,LP002682,N,Yes,Semiurban,No
4683,1915.0,1.0,0,Graduate,Male,185.0,360.0,LP002683,N,No,Semiurban,No
3400,0.0,1.0,0,Not Graduate,Female,95.0,360.0,LP002684,N,No,Rural,No
2192,1742.0,1.0,2,Not Graduate,Male,45.0,360.0,LP002689,Y,Yes,Semiurban,No
2500,0.0,1.0,0,Graduate,Male,55.0,360.0,LP002690,Y,No,Semiurban,No
5677,1424.0,1.0,3+,Graduate,Male,100.0,360.0,LP002692,Y,Yes,Rural,Yes
7948,7166.0,1.0,2,Graduate,Male,480.0,360.0,LP002693,Y,Yes,Rural,Yes
4680,2087.0,1.0,0,Graduate,Male,,360.0,LP002697,N,No,Semiurban,No
17500,0.0,1.0,2,Graduate,Male,400.0,360.0,LP002699,Y,Yes,Rural,Yes
3775,0.0,1.0,0,Graduate,Male,110.0,360.0,LP002705,Y,Yes,Semiurban,No
5285,1430.0,0.0,1,Not Graduate,Male,161.0,360.0,LP002706,Y,Yes,Semiurban,No
2679,1302.0,1.0,1,Not Graduate,Male,94.0,360.0,LP002714,Y,No,Semiurban,No
6783,0.0,1.0,0,Not Graduate,Male,130.0,360.0,LP002716,Y,No,Semiurban,No
1025,5500.0,,0,Graduate,Male,216.0,360.0,LP002717,Y,Yes,Rural,No
4281,0.0,1.0,3+,Graduate,Male,100.0,360.0,LP002720,Y,Yes,Urban,No
3588,0.0,0.0,2,Graduate,Male,110.0,360.0,LP002723,N,No,Rural,No
11250,0.0,,1,Graduate,Male,196.0,360.0,LP002729,N,No,Semiurban,No
18165,0.0,1.0,0,Not Graduate,Female,125.0,360.0,LP002731,Y,No,Urban,Yes
2550,2042.0,1.0,0,Not Graduate,Male,126.0,360.0,LP002732,Y,No,Rural,
6133,3906.0,1.0,0,Graduate,Male,324.0,360.0,LP002734,Y,Yes,Urban,No
3617,0.0,1.0,2,Graduate,Male,107.0,360.0,LP002738,Y,No,Semiurban,No
2917,536.0,1.0,0,Not Graduate,Male,66.0,360.0,LP002739,N,Yes,Rural,No
6417,0.0,1.0,3+,Graduate,Male,157.0,180.0,LP002740,Y,Yes,Rural,No
4608,2845.0,1.0,1,Graduate,Female,140.0,180.0,LP002741,Y,Yes,Semiurban,No
2138,0.0,0.0,0,Graduate,Female,99.0,360.0,LP002743,N,No,Semiurban,No
3652,0.0,1.0,1,Graduate,Female,95.0,360.0,LP002753,Y,No,Semiurban,
2239,2524.0,1.0,1,Not Graduate,Male,128.0,360.0,LP002755,Y,Yes,Urban,No
3017,663.0,,0,Not Graduate,Female,102.0,360.0,LP002757,Y,Yes,Semiurban,No
2768,1950.0,1.0,0,Graduate,Male,155.0,360.0,LP002767,Y,Yes,Rural,No
3358,0.0,1.0,0,Not Graduate,Male,80.0,36.0,LP002768,N,No,Semiurban,No
2526,1783.0,1.0,0,Graduate,Male,145.0,360.0,LP002772,Y,No,Rural,No
5000,0.0,0.0,0,Graduate,Female,103.0,360.0,LP002776,N,No,Semiurban,No
2785,2016.0,1.0,0,Graduate,Male,110.0,360.0,LP002777,Y,Yes,Rural,No
6633,0.0,0.0,2,Graduate,Male,,360.0,LP002778,N,Yes,Rural,Yes
2492,2375.0,1.0,1,Not Graduate,Male,,360.0,LP002784,Y,Yes,Rural,No
3333,3250.0,1.0,1,Graduate,Male,158.0,360.0,LP002785,Y,Yes,Urban,No
2454,2333.0,0.0,0,Not Graduate,Male,181.0,360.0,LP002788,N,Yes,Urban,No
3593,4266.0,0.0,0,Graduate,Male,132.0,180.0,LP002789,N,Yes,Rural,No
5468,1032.0,1.0,1,Graduate,Male,26.0,360.0,LP002792,Y,Yes,Semiurban,No
2667,1625.0,,0,Graduate,Female,84.0,360.0,LP002794,Y,No,Urban,No
10139,0.0,1.0,3+,Graduate,Male,260.0,360.0,LP002795,Y,Yes,Semiurban,Yes
3887,2669.0,1.0,0,Graduate,Male,162.0,360.0,LP002798,Y,Yes,Semiurban,No
4180,2306.0,1.0,0,Graduate,Female,182.0,360.0,LP002804,Y,Yes,Semiurban,No
3675,242.0,1.0,2,Not Graduate,Male,108.0,360.0,LP002807,Y,Yes,Semiurban,No
19484,0.0,1.0,1,Graduate,Female,600.0,360.0,LP002813,Y,Yes,Semiurban,Yes
5923,2054.0,1.0,0,Graduate,Male,211.0,360.0,LP002820,Y,Yes,Rural,No
5800,0.0,1.0,0,Not Graduate,Male,132.0,360.0,LP002821,Y,No,Semiurban,Yes
8799,0.0,0.0,2,Graduate,Male,258.0,360.0,LP002832,N,Yes,Urban,No
4467,0.0,,0,Not Graduate,Male,120.0,360.0,LP002833,Y,Yes,Rural,No
3333,0.0,1.0,0,Graduate,Male,70.0,360.0,LP002836,Y,No,Urban,No
3400,2500.0,0.0,3+,Graduate,Male,123.0,360.0,LP002837,N,Yes,Rural,No
2378,0.0,1.0,0,Graduate,Female,9.0,360.0,LP002840,N,No,Urban,No
3166,2064.0,0.0,0,Graduate,Male,104.0,360.0,LP002841,N,Yes,Urban,No
3417,1750.0,1.0,1,Graduate,Male,186.0,360.0,LP002842,Y,Yes,Urban,No
5116,1451.0,0.0,,Graduate,Male,165.0,360.0,LP002847,N,Yes,Urban,No
16666,0.0,1.0,2,Graduate,Male,275.0,360.0,LP002855,Y,Yes,Urban,No
6125,1625.0,1.0,2,Not Graduate,Male,187.0,480.0,LP002862,N,Yes,Semiurban,No
6406,0.0,1.0,3+,Graduate,Male,150.0,360.0,LP002863,N,Yes,Semiurban,No
3159,461.0,1.0,2,Graduate,Male,108.0,84.0,LP002868,Y,Yes,Urban,No
3087,2210.0,0.0,0,Graduate,,136.0,360.0,LP002872,N,Yes,Semiurban,No
3229,2739.0,1.0,0,Graduate,Male,110.0,360.0,LP002874,Y,No,Urban,No
1782,2232.0,1.0,1,Graduate,Male,107.0,360.0,LP002877,Y,Yes,Rural,No
3182,2917.0,1.0,0,Graduate,Male,161.0,360.0,LP002888,Y,No,Urban,
6540,0.0,1.0,2,Graduate,Male,205.0,360.0,LP002892,Y,Yes,Semiurban,No
1836,33837.0,1.0,0,Graduate,Male,90.0,360.0,LP002893,N,No,Urban,No
3166,0.0,1.0,0,Graduate,Female,36.0,360.0,LP002894,Y,Yes,Semiurban,No
1880,0.0,,1,Graduate,Male,61.0,360.0,LP002898,N,Yes,Rural,No
2787,1917.0,0.0,1,Graduate,Male,146.0,360.0,LP002911,N,Yes,Rural,No
4283,3000.0,1.0,1,Graduate,Male,172.0,84.0,LP002912,N,Yes,Rural,No
2297,1522.0,1.0,0,Graduate,Male,104.0,360.0,LP002916,Y,Yes,Urban,No
2165,0.0,1.0,0,Not Graduate,Female,70.0,360.0,LP002917,Y,No,Semiurban,No
4750,0.0,1.0,0,Graduate,,94.0,360.0,LP002925,Y,No,Semiurban,No
2726,0.0,0.0,2,Graduate,Male,106.0,360.0,LP002926,N,Yes,Semiurban,Yes
3000,3416.0,1.0,0,Graduate,Male,56.0,180.0,LP002928,Y,Yes,Semiurban,No
6000,0.0,1.0,2,Graduate,Male,205.0,240.0,LP002931,N,Yes,Semiurban,Yes
9357,0.0,1.0,3+,Graduate,,292.0,360.0,LP002933,Y,No,Semiurban,Yes
3859,3300.0,1.0,0,Graduate,Male,142.0,180.0,LP002936,Y,Yes,Rural,No
16120,0.0,1.0,0,Graduate,Male,260.0,360.0,LP002938,Y,Yes,Urban,Yes
3833,0.0,1.0,0,Not Graduate,Male,110.0,360.0,LP002940,Y,No,Rural,No
6383,1000.0,1.0,2,Not Graduate,Male,187.0,360.0,LP002941,N,Yes,Rural,Yes
2987,0.0,0.0,,Graduate,Male,88.0,360.0,LP002943,N,No,Semiurban,No
9963,0.0,1.0,0,Graduate,Male,180.0,360.0,LP002945,Y,Yes,Rural,Yes
5780,0.0,1.0,2,Graduate,Male,192.0,360.0,LP002948,Y,Yes,Urban,No
416,41667.0,,3+,Graduate,Female,350.0,180.0,LP002949,N,No,Urban,
2894,2792.0,1.0,0,Not Graduate,Male,155.0,360.0,LP002950,Y,Yes,Rural,
5703,0.0,1.0,3+,Graduate,Male,128.0,360.0,LP002953,Y,Yes,Urban,No
3676,4301.0,1.0,0,Graduate,Male,172.0,360.0,LP002958,Y,No,Rural,No
12000,0.0,1.0,1,Graduate,Female,496.0,360.0,LP002959,Y,Yes,Semiurban,No
2400,3800.0,1.0,0,Not Graduate,Male,,180.0,LP002960,N,Yes,Urban,No
3400,2500.0,1.0,1,Graduate,Male,173.0,360.0,LP002961,Y,Yes,Semiurban,No
3987,1411.0,1.0,2,Not Graduate,Male,157.0,360.0,LP002964,Y,Yes,Rural,No
3232,1950.0,1.0,0,Graduate,Male,108.0,360.0,LP002974,Y,Yes,Rural,No
2900,0.0,1.0,0,Graduate,Female,71.0,360.0,LP002978,Y,No,Rural,No
4106,0.0,1.0,3+,Graduate,Male,40.0,180.0,LP002979,Y,Yes,Rural,No
8072,240.0,1.0,1,Graduate,Male,253.0,360.0,LP002983,Y,Yes,Urban,No
7583,0.0,1.0,2,Graduate,Male,187.0,360.0,LP002984,Y,Yes,Urban,No
4583,0.0,0.0,0,Graduate,Female,133.0,360.0,LP002990,N,No,Semiurban,Yes
